;price;propertyType;operation;size;exterior;rooms;bathrooms;municipality;status;newDevelopment;floor;district;neighborhood;hasLift;hasParkingSpace;typology;subTypology;priceByArea
0;750.0;697.5595667869718;692.9320113314448;60.0;694.9649122806956;1;1;705.5941137736924;695.2438271604938;694.90490797546;697.6898426464414;701.25373726602;700.3179109713058;702.2528716519531;691.040740740767;695.2268656716417;696.6007067137671;13.0
1;750.0;697.5595667869718;692.9320113314448;70.0;694.9649122806956;2;1;701.4185840255545;695.2438271604938;694.90490797546;678.6640137059316;700.2086370207389;679.7932977234551;687.6335443592284;691.040740740767;695.2268656716417;696.6007067137671;11.0
2;700.0;697.5595667869718;692.9320113314448;55.0;694.9649122806956;2;1;701.4185840255545;695.2438271604938;694.90490797546;696.0922226905212;693.9093264632611;679.7932977234551;687.6335443592284;691.040740740767;695.2268656716417;696.6007067137671;12.0
3;590.0;697.5595667869718;692.9320113314448;70.0;694.9649122806956;3;2;679.5396843739956;695.2438271604938;694.90490797546;670.416612627114;645.6577714401409;679.7932977234551;687.6335443592284;691.040740740767;695.2268656716417;696.6007067137671;8.0
4;684.0;689.8145716992633;692.9320113314448;45.0;694.9649122806956;0;1;705.5941137736924;682.1233097634412;682.1233097634412;670.416612627114;645.6577714401409;679.7932977234551;673.705516292519;691.040740740767;682.1233097634412;696.6007067137671;13.294985250737463
5;600.0;697.5595667869718;692.9320113314448;73.0;694.9649122806956;2;1;680.8407691176255;695.2438271604938;694.90490797546;697.6898426464414;645.6577714401409;679.7932977234551;687.6335443592284;691.040740740767;695.2268656716417;696.6007067137671;8.0
6;600.0;691.6399689676626;692.9320113314448;71.0;694.9649122806956;1;1;682.4388751934754;695.2438271604938;694.90490797546;701.6980775674542;645.6577714401409;679.7932977234551;687.6335443592284;691.040740740767;695.2268656716417;694.9750169715314;8.0
7;550.0;697.5595667869718;692.9320113314448;53.0;694.9649122806956;1;1;705.5941137736924;695.2438271604938;694.90490797546;701.6980775674542;695.5142893172506;693.9893874974726;687.6335443592284;691.040740740767;695.2268656716417;696.6007067137671;10.0
8;700.0;689.8145716992633;692.9320113314448;28.0;694.9649122806956;0;1;705.5941137736924;695.2438271604938;694.90490797546;701.6980775674542;698.060183306633;697.480889673296;687.6335443592284;691.040740740767;695.2268656716417;689.7575199633534;25.0
9;700.0;691.6399689676626;692.9320113314448;86.0;694.9649122806956;2;1;693.8516165539254;695.2438271604938;694.90490797546;697.6898426464414;693.8516165539254;679.7932977234551;702.2528716519531;691.040740740767;695.2268656716417;694.9750169715314;8.0
10;700.0;697.5595667869718;692.9320113314448;45.0;684.4813118252059;1;1;705.5941137736924;695.2438271604938;694.90490797546;698.3045241054774;697.480889673296;697.480889673296;687.6335443592284;691.040740740767;695.2268656716417;696.6007067137671;16.0
11;550.0;697.5595667869718;692.9320113314448;54.0;694.9649122806956;2;1;683.8304295712966;695.2438271604938;694.90490797546;690.2090043772075;691.1615387116915;679.7932977234551;687.6335443592284;691.040740740767;695.2268656716417;696.6007067137671;10.0
12;695.0;697.5595667869718;692.9320113314448;64.0;694.9649122806956;2;1;701.4185840255545;695.2438271604938;694.90490797546;701.6980775674542;700.2086370207389;679.7932977234551;687.6335443592284;691.040740740767;695.2268656716417;696.6007067137671;11.0
13;650.0;697.5595667869718;692.9320113314448;68.0;694.9649122806956;2;1;690.3883364282716;695.2438271604938;694.90490797546;678.6640137059316;690.3883364282716;679.7932977234551;687.6335443592284;691.040740740767;695.2268656716417;696.6007067137671;10.0
14;700.0;697.5595667869718;692.9320113314448;30.0;684.4813118252059;1;1;705.5941137736924;695.2438271604938;694.90490797546;701.6980775674542;695.3159460094015;693.8516165539254;702.2528716519531;691.040740740767;695.2268656716417;696.6007067137671;23.0
15;700.0;697.5595667869718;692.9320113314448;35.0;684.4813118252059;1;1;705.5941137736924;695.2438271604938;694.90490797546;701.6980775674542;698.4230775594249;693.2793954075133;687.6335443592284;691.040740740767;695.2268656716417;696.6007067137671;20.0
16;700.0;697.5595667869718;692.9320113314448;43.0;694.9649122806956;1;1;705.5941137736924;695.2438271604938;694.90490797546;696.0922226905212;691.5060492022334;687.330275254454;702.2528716519531;691.040740740767;695.2268656716417;696.6007067137671;16.0
17;650.0;697.5595667869718;692.9320113314448;60.0;694.9649122806956;2;1;705.5941137736924;695.2438271604938;694.90490797546;701.6980775674542;695.5142893172506;693.9893874974726;687.6335443592284;691.040740740767;695.2268656716417;696.6007067137671;11.0
18;700.0;697.5595667869718;692.9320113314448;55.0;694.9649122806956;2;1;701.4185840255545;695.2438271604938;694.90490797546;696.0922226905212;693.9093264632611;679.7932977234551;687.6335443592284;691.040740740767;695.2268656716417;696.6007067137671;12.0
19;700.0;697.5595667869718;692.9320113314448;55.0;694.9649122806956;2;1;701.4185840255545;695.2438271604938;694.90490797546;696.0922226905212;693.9093264632611;679.7932977234551;687.6335443592284;691.040740740767;695.2268656716417;696.6007067137671;12.0
20;695.0;697.5595667869718;692.9320113314448;40.0;684.4813118252059;1;1;705.5941137736924;695.2438271604938;694.90490797546;710.7500724586687;697.1262620110448;693.2010741821103;702.2528716519531;691.040740740767;695.2268656716417;696.6007067137671;17.0
21;675.0;697.5595667869718;692.9320113314448;40.0;694.9649122806956;1;1;692.2731637371271;695.2438271604938;694.90490797546;678.6640137059316;691.1615387116915;679.7932977234551;687.6335443592284;699.0730605114524;695.2268656716417;696.6007067137671;17.0
22;750.0;689.8145716992633;692.9320113314448;45.0;684.4813118252059;0;1;705.5941137736924;695.2438271604938;694.90490797546;678.6640137059316;691.1615387116915;690.2450997417588;702.2528716519531;691.040740740767;695.2268656716417;689.7575199633534;17.0
23;750.0;697.5595667869718;692.9320113314448;99.0;694.9649122806956;3;2;681.7049714102249;695.2438271604938;694.90490797546;701.6980775674542;691.1615387116915;679.7932977234551;702.2528716519531;691.040740740767;695.2268656716417;696.6007067137671;8.0
24;680.0;697.5595667869718;692.9320113314448;38.0;684.4813118252059;1;1;705.5941137736924;695.2438271604938;694.90490797546;701.6980775674542;695.3159460094015;692.516102401779;702.2528716519531;691.040740740767;695.2268656716417;696.6007067137671;18.0
25;750.0;697.5595667869718;692.9320113314448;51.0;694.9649122806956;1;1;705.5941137736924;695.2438271604938;694.90490797546;701.6980775674542;693.9093264632611;700.3570402720752;702.2528716519531;699.0730605114524;695.2268656716417;696.6007067137671;15.0
26;700.0;697.5595667869718;692.9320113314448;55.0;694.9649122806956;2;1;701.4185840255545;695.2438271604938;694.90490797546;696.0922226905212;693.9093264632611;679.7932977234551;687.6335443592284;691.040740740767;695.2268656716417;696.6007067137671;12.0
27;750.0;689.8145716992633;692.9320113314448;25.0;684.4813118252059;0;1;705.5941137736924;695.2438271604938;694.90490797546;710.7500724586687;691.1615387116915;698.5288208720782;702.2528716519531;691.040740740767;695.2268656716417;689.7575199633534;30.0
28;750.0;697.5595667869718;692.9320113314448;40.0;684.4813118252059;1;1;705.5941137736924;695.2438271604938;694.90490797546;701.6980775674542;698.4230775594249;693.2793954075133;687.6335443592284;691.040740740767;695.2268656716417;696.6007067137671;19.0
29;650.0;697.5595667869718;692.9320113314448;62.0;694.9649122806956;2;1;705.5941137736924;695.2438271604938;694.90490797546;701.6980775674542;691.5060492022334;690.1621384476521;687.6335443592284;691.040740740767;695.2268656716417;696.6007067137671;10.0
30;750.0;689.8145716992633;692.9320113314448;30.0;694.9649122806956;0;1;705.5941137736924;695.2438271604938;694.90490797546;697.6898426464414;691.1615387116915;690.2450997417588;687.6335443592284;691.040740740767;695.2268656716417;689.7575199633534;25.0
31;750.0;697.5595667869718;692.9320113314448;39.0;684.4813118252059;1;1;705.5941137736924;695.2438271604938;694.90490797546;698.3045241054774;700.3570402720752;700.3570402720752;687.6335443592284;691.040740740767;695.2268656716417;696.6007067137671;19.0
32;700.0;697.5595667869718;692.9320113314448;62.0;694.9649122806956;2;1;705.5941137736924;695.2438271604938;694.90490797546;697.6898426464414;707.8566208272264;695.0535385086307;687.6335443592284;691.040740740767;695.2268656716417;696.6007067137671;11.0
33;747.0;697.5595667869718;692.9320113314448;96.0;694.9649122806956;3;2;693.7218364534331;695.2438271604938;694.90490797546;701.6980775674542;699.9667148489863;679.7932977234551;702.2528716519531;699.0730605114524;695.2268656716417;696.6007067137671;8.0
34;640.0;689.8145716992633;692.9320113314448;35.0;694.9649122806956;0;1;705.5941137736924;695.2438271604938;694.90490797546;701.6980775674542;707.8566208272264;694.7492345375915;702.2528716519531;699.0730605114524;695.2268656716417;689.7575199633534;18.0
35;750.0;697.5595667869718;692.9320113314448;30.0;684.4813118252059;1;1;705.5941137736924;695.2438271604938;694.90490797546;700.3570402720752;695.3159460094015;700.3570402720752;702.2528716519531;691.040740740767;695.2268656716417;696.6007067137671;25.0
36;750.0;697.5595667869718;692.9320113314448;70.0;694.9649122806956;2;1;699.6173866894447;695.2438271604938;694.90490797546;696.0922226905212;697.8699033426905;679.7932977234551;702.2528716519531;699.0730605114524;695.2268656716417;696.6007067137671;11.0
37;625.0;697.5595667869718;692.9320113314448;52.0;694.9649122806956;2;1;684.0934809767006;695.2438271604938;694.90490797546;696.0922226905212;691.1615387116915;679.7932977234551;687.6335443592284;691.040740740767;695.2268656716417;696.6007067137671;12.0
38;700.0;689.8145716992633;692.9320113314448;40.0;694.9649122806956;0;1;705.5941137736924;695.2438271604938;694.90490797546;697.6898426464414;691.1615387116915;698.5288208720782;702.2528716519531;691.040740740767;695.2268656716417;689.7575199633534;18.0
39;750.0;689.8145716992633;692.9320113314448;40.0;694.9649122806956;0;1;705.5941137736924;695.2438271604938;694.90490797546;690.2090043772075;698.4230775594249;700.3570402720752;702.2528716519531;691.040740740767;695.2268656716417;689.7575199633534;19.0
40;650.0;697.5595667869718;692.9320113314448;35.0;684.4813118252059;1;1;705.5941137736924;695.2438271604938;694.90490797546;696.0922226905212;691.1615387116915;694.1193034818438;702.2528716519531;691.040740740767;695.2268656716417;696.6007067137671;19.0
41;720.0;697.5595667869718;692.9320113314448;70.0;694.9649122806956;3;1;699.6173866894447;695.2438271604938;694.90490797546;696.0922226905212;698.6577280272465;679.7932977234551;687.6335443592284;691.040740740767;695.2268656716417;696.6007067137671;10.0
42;699.0;697.5595667869718;692.9320113314448;52.0;694.9649122806956;1;1;705.5941137736924;695.2438271604938;694.90490797546;697.6898426464414;695.5142893172506;691.3463721466259;702.2528716519531;691.040740740767;695.2268656716417;696.6007067137671;13.0
43;750.0;697.5595667869718;692.9320113314448;65.0;694.9649122806956;2;1;685.5281804951461;695.2438271604938;694.90490797546;670.416612627114;692.8707300640301;692.8707300640301;702.2528716519531;699.0730605114524;695.2268656716417;696.6007067137671;12.0
44;695.0;697.5595667869718;692.9320113314448;65.0;694.9649122806956;2;1;696.9577757236586;695.2438271604938;694.90490797546;670.416612627114;692.1614747395278;679.7932977234551;702.2528716519531;691.040740740767;695.2268656716417;696.6007067137671;11.0
45;750.0;697.5595667869718;692.9320113314448;78.0;694.9649122806956;2;2;693.2144366693383;695.2438271604938;694.90490797546;670.416612627114;695.6128830213358;679.7932977234551;702.2528716519531;699.0730605114524;695.2268656716417;696.6007067137671;10.0
46;620.0;697.5595667869718;692.9320113314448;60.0;694.9649122806956;2;1;705.5941137736924;695.2438271604938;694.90490797546;670.416612627114;707.8566208272264;700.6631786637457;687.6335443592284;691.040740740767;695.2268656716417;696.6007067137671;10.0
47;500.0;689.8145716992633;692.9320113314448;28.0;684.4813118252059;0;1;705.5941137736924;695.2438271604938;694.90490797546;701.6980775674542;691.1615387116915;690.2450997417588;687.6335443592284;691.040740740767;695.2268656716417;689.7575199633534;18.0
48;550.0;697.5595667869718;692.9320113314448;38.0;694.9649122806956;1;1;685.5281804951461;695.2438271604938;694.90490797546;670.416612627114;691.1615387116915;674.3353453994757;687.6335443592284;691.040740740767;695.2268656716417;696.6007067137671;14.0
49;750.0;697.5595667869718;692.9320113314448;46.0;684.4813118252059;1;1;705.5941137736924;695.2438271604938;694.90490797546;697.6898426464414;698.4230775594249;700.3570402720752;702.2528716519531;691.040740740767;695.2268656716417;696.6007067137671;16.0
50;680.0;689.8145716992633;692.9320113314448;55.0;694.9649122806956;0;1;705.5941137736924;695.2438271604938;694.90490797546;678.6640137059316;698.060183306633;696.0623790242912;687.6335443592284;691.040740740767;695.2268656716417;689.7575199633534;12.0
51;700.0;697.5595667869718;692.9320113314448;50.0;694.9649122806956;1;2;693.8516165539254;682.1233097634412;682.1233097634412;670.416612627114;645.6577714401409;679.7932977234551;673.705516292519;691.040740740767;682.1233097634412;696.6007067137671;13.294985250737463
52;750.0;691.6399689676626;692.9320113314448;35.0;694.9649122806956;1;1;705.5941137736924;682.1233097634412;682.1233097634412;670.416612627114;645.6577714401409;679.7932977234551;673.705516292519;691.040740740767;682.1233097634412;696.6007067137671;13.294985250737463
53;750.0;697.5595667869718;692.9320113314448;66.0;694.9649122806956;2;1;698.2864955943987;695.2438271604938;694.90490797546;701.6980775674542;691.1615387116915;700.3570402720752;702.2528716519531;691.040740740767;695.2268656716417;696.6007067137671;11.0
54;650.0;697.5595667869718;692.9320113314448;65.0;694.9649122806956;1;1;699.6173866894447;695.2438271604938;694.90490797546;690.2090043772075;693.9346130507838;679.7932977234551;702.2528716519531;691.040740740767;695.2268656716417;696.6007067137671;10.0
55;700.0;697.5595667869718;692.9320113314448;55.0;694.9649122806956;2;1;701.4185840255545;695.2438271604938;694.90490797546;696.0922226905212;693.9093264632611;679.7932977234551;687.6335443592284;691.040740740767;695.2268656716417;696.6007067137671;12.0
56;600.0;697.5595667869718;692.9320113314448;50.0;694.9649122806956;1;1;686.0932915831607;695.2438271604938;694.90490797546;670.416612627114;686.0141905645556;679.7932977234551;702.2528716519531;699.0730605114524;695.2268656716417;696.6007067137671;12.0
57;650.0;697.5595667869718;692.9320113314448;61.0;694.9649122806956;1;1;695.813794201381;695.2438271604938;694.90490797546;696.0922226905212;688.2605704547643;679.7932977234551;702.2528716519531;699.0730605114524;695.2268656716417;696.6007067137671;11.0
58;650.0;697.5595667869718;692.9320113314448;65.0;684.4813118252059;2;1;698.2864955943987;695.2438271604938;694.90490797546;697.6898426464414;687.3461928357755;687.3461928357755;687.6335443592284;691.040740740767;695.2268656716417;696.6007067137671;10.0
59;700.0;697.5595667869718;692.9320113314448;45.0;694.9649122806956;1;1;705.5941137736924;695.2438271604938;694.90490797546;697.6898426464414;693.9093264632611;691.1919068815423;687.6335443592284;691.040740740767;695.2268656716417;696.6007067137671;16.0
60;625.0;697.5595667869718;692.9320113314448;62.0;694.9649122806956;2;1;696.177593357043;695.2438271604938;694.90490797546;678.6640137059316;688.6151981170156;679.7932977234551;687.6335443592284;691.040740740767;695.2268656716417;696.6007067137671;10.0
61;595.0;697.5595667869718;692.9320113314448;45.0;694.9649122806956;1;1;705.5941137736924;695.2438271604938;694.90490797546;678.6640137059316;691.5060492022334;687.330275254454;687.6335443592284;691.040740740767;695.2268656716417;696.6007067137671;13.0
62;650.0;697.5595667869718;692.9320113314448;55.0;694.9649122806956;1;1;705.5941137736924;695.2438271604938;694.90490797546;710.7500724586687;695.5108000843883;693.5059395678978;702.2528716519531;699.0730605114524;695.2268656716417;696.6007067137671;12.0
63;725.0;697.5595667869718;692.9320113314448;50.0;694.9649122806956;1;1;705.5941137736924;695.2438271604938;694.90490797546;696.0922226905212;707.8566208272264;700.6631786637457;702.2528716519531;691.040740740767;695.2268656716417;696.6007067137671;15.0
64;750.0;697.5595667869718;692.9320113314448;95.0;694.9649122806956;3;1;699.6173866894447;695.2438271604938;694.90490797546;697.9828806237634;697.8699033426905;679.7932977234551;702.2528716519531;691.040740740767;695.2268656716417;696.6007067137671;8.0
65;700.0;697.5595667869718;692.9320113314448;55.0;694.9649122806956;2;1;701.4185840255545;695.2438271604938;694.90490797546;696.0922226905212;693.9093264632611;679.7932977234551;687.6335443592284;691.040740740767;695.2268656716417;696.6007067137671;12.0
66;700.0;697.5595667869718;692.9320113314448;27.0;684.4813118252059;1;1;705.5941137736924;695.2438271604938;694.90490797546;697.6898426464414;691.1615387116915;690.2450997417588;687.6335443592284;691.040740740767;695.2268656716417;696.6007067137671;26.0
67;650.0;697.5595667869718;692.9320113314448;59.0;694.9649122806956;2;1;699.6173866894447;695.2438271604938;694.90490797546;701.6980775674542;689.6790811037692;679.7932977234551;702.2528716519531;691.040740740767;695.2268656716417;696.6007067137671;11.0
68;550.0;697.5595667869718;692.9320113314448;40.0;694.9649122806956;1;1;674.3353453994757;695.2438271604938;694.90490797546;697.6898426464414;674.3353453994757;679.7932977234551;702.2528716519531;691.040740740767;695.2268656716417;696.6007067137671;14.0
69;650.0;697.5595667869718;692.9320113314448;55.0;694.9649122806956;1;1;705.5941137736924;695.2438271604938;694.90490797546;710.7500724586687;695.5108000843883;693.5059395678978;702.2528716519531;699.0730605114524;695.2268656716417;696.6007067137671;12.0
70;750.0;697.5595667869718;692.9320113314448;65.0;694.9649122806956;2;1;705.5941137736924;695.2438271604938;694.90490797546;670.416612627114;698.060183306633;693.9346130507838;702.2528716519531;691.040740740767;695.2268656716417;696.6007067137671;12.0
71;725.0;697.5595667869718;692.9320113314448;70.0;694.9649122806956;2;1;705.5941137736924;695.2438271604938;694.90490797546;670.416612627114;695.5142893172506;697.1043284130003;702.2528716519531;691.040740740767;695.2268656716417;696.6007067137671;10.0
72;700.0;697.5595667869718;692.9320113314448;80.0;694.9649122806956;1;1;699.6173866894447;695.2438271604938;694.90490797546;701.6980775674542;697.480889673296;679.7932977234551;687.6335443592284;691.040740740767;695.2268656716417;696.6007067137671;9.0
73;650.0;697.5595667869718;692.9320113314448;40.0;694.9649122806956;1;1;705.5941137736924;695.2438271604938;694.90490797546;678.6640137059316;693.9093264632611;691.1919068815423;702.2528716519531;691.040740740767;695.2268656716417;696.6007067137671;16.0
74;695.0;697.5595667869718;692.9320113314448;90.0;694.9649122806956;3;1;705.5941137736924;695.2438271604938;694.90490797546;670.416612627114;707.8566208272264;700.1058026926619;687.6335443592284;691.040740740767;695.2268656716417;696.6007067137671;8.0
75;750.0;697.5595667869718;692.9320113314448;55.0;694.9649122806956;1;1;705.5941137736924;695.2438271604938;694.90490797546;670.416612627114;698.060183306633;693.9346130507838;687.6335443592284;691.040740740767;695.2268656716417;696.6007067137671;14.0
76;650.0;697.5595667869718;692.9320113314448;65.0;694.9649122806956;2;1;705.5941137736924;695.2438271604938;694.90490797546;670.416612627114;691.5060492022334;690.1621384476521;702.2528716519531;691.040740740767;695.2268656716417;696.6007067137671;10.0
77;666.0;697.5595667869718;692.9320113314448;70.0;694.9649122806956;1;2;692.2731637371271;695.2438271604938;694.90490797546;701.6980775674542;689.4279284255834;679.7932977234551;702.2528716519531;699.0730605114524;695.2268656716417;696.6007067137671;10.0
78;750.0;697.5595667869718;692.9320113314448;78.0;694.9649122806956;2;2;699.6173866894447;695.2438271604938;694.90490797546;670.416612627114;700.3570402720752;679.7932977234551;702.2528716519531;699.0730605114524;695.2268656716417;696.6007067137671;10.0
79;630.0;697.5595667869718;692.9320113314448;74.0;694.9649122806956;3;1;684.7440233485155;695.2438271604938;694.90490797546;670.416612627114;645.6577714401409;679.7932977234551;702.2528716519531;691.040740740767;695.2268656716417;696.6007067137671;9.0
80;635.0;689.8145716992633;692.9320113314448;55.0;694.9649122806956;0;1;685.5281804951461;695.2438271604938;694.90490797546;696.0922226905212;692.8707300640301;692.8707300640301;702.2528716519531;699.0730605114524;695.2268656716417;689.7575199633534;12.0
81;725.0;697.5595667869718;692.9320113314448;69.0;694.9649122806956;2;1;695.813794201381;695.2438271604938;694.90490797546;701.6980775674542;697.1043284130003;679.7932977234551;702.2528716519531;699.0730605114524;695.2268656716417;696.6007067137671;11.0
82;750.0;697.5595667869718;692.9320113314448;35.0;684.4813118252059;1;1;705.5941137736924;695.2438271604938;694.90490797546;701.6980775674542;691.1615387116915;690.2450997417588;687.6335443592284;691.040740740767;695.2268656716417;696.6007067137671;21.0
83;690.0;697.5595667869718;692.9320113314448;65.0;694.9649122806956;2;1;705.5941137736924;695.2438271604938;694.90490797546;697.6898426464414;695.5142893172506;693.9893874974726;687.6335443592284;691.040740740767;695.2268656716417;696.6007067137671;11.0
84;700.0;689.8145716992633;692.9320113314448;30.0;684.4813118252059;0;1;705.5941137736924;695.2438271604938;694.90490797546;696.0922226905212;691.1615387116915;690.2450997417588;702.2528716519531;691.040740740767;695.2268656716417;689.7575199633534;23.0
85;730.0;697.5595667869718;692.9320113314448;64.0;694.9649122806956;3;1;697.3853988595729;695.2438271604938;694.90490797546;701.6980775674542;697.7548707848152;679.7932977234551;687.6335443592284;691.040740740767;695.2268656716417;696.6007067137671;11.0
86;750.0;697.5595667869718;692.9320113314448;51.0;694.9649122806956;1;1;705.5941137736924;695.2438271604938;694.90490797546;701.6980775674542;701.6494557290996;701.0271662958082;702.2528716519531;691.040740740767;695.2268656716417;696.6007067137671;15.0
87;750.0;697.5595667869718;692.9320113314448;48.0;684.4813118252059;1;1;701.0271662958082;695.2438271604938;694.90490797546;710.7500724586687;700.3570402720752;679.7932977234551;702.2528716519531;691.040740740767;695.2268656716417;696.6007067137671;16.0
88;690.0;697.5595667869718;692.9320113314448;35.0;694.9649122806956;1;1;705.5941137736924;695.2438271604938;694.90490797546;670.416612627114;689.1514921917221;683.2112015188931;687.6335443592284;691.040740740767;695.2268656716417;696.6007067137671;20.0
89;750.0;697.5595667869718;692.9320113314448;74.0;694.9649122806956;3;1;698.2864955943987;695.2438271604938;694.90490797546;710.7500724586687;691.1615387116915;697.6279595933563;702.2528716519531;699.0730605114524;695.2268656716417;696.6007067137671;10.0
90;700.0;691.6399689676626;692.9320113314448;35.0;694.9649122806956;1;1;705.5941137736924;695.2438271604938;694.90490797546;678.6640137059316;691.1615387116915;694.1193034818438;687.6335443592284;691.040740740767;695.2268656716417;694.9750169715314;20.0
91;720.0;697.5595667869718;692.9320113314448;42.0;694.9649122806956;1;1;705.5941137736924;695.2438271604938;694.90490797546;710.7500724586687;701.25373726602;699.158751927826;702.2528716519531;691.040740740767;695.2268656716417;696.6007067137671;17.0
92;595.0;697.5595667869718;692.9320113314448;55.0;694.9649122806956;1;1;680.1902267458106;695.2438271604938;694.90490797546;701.6980775674542;645.6577714401409;679.7932977234551;687.6335443592284;699.0730605114524;695.2268656716417;696.6007067137671;11.0
93;700.0;697.5595667869718;692.9320113314448;45.0;684.4813118252059;1;1;705.5941137736924;695.2438271604938;694.90490797546;701.6980775674542;691.1615387116915;694.1193034818438;687.6335443592284;691.040740740767;695.2268656716417;696.6007067137671;16.0
94;500.0;697.5595667869718;692.9320113314448;45.0;694.9649122806956;1;1;679.7495065607351;695.2438271604938;694.90490797546;670.416612627114;679.7495065607351;679.7932977234551;687.6335443592284;691.040740740767;695.2268656716417;696.6007067137671;11.0
95;700.0;697.5595667869718;692.9320113314448;75.0;694.9649122806956;2;1;681.7049714102249;695.2438271604938;694.90490797546;701.6980775674542;690.9696482031048;679.7932977234551;687.6335443592284;691.040740740767;695.2268656716417;696.6007067137671;9.0
96;675.0;691.6399689676626;692.9320113314448;87.0;694.9649122806956;2;2;682.4388751934754;695.2438271604938;694.90490797546;696.0922226905212;645.6577714401409;679.7932977234551;687.6335443592284;691.040740740767;695.2268656716417;694.9750169715314;8.0
97;650.0;697.5595667869718;692.9320113314448;45.0;694.9649122806956;1;1;687.3461928357755;695.2438271604938;694.90490797546;678.6640137059316;645.6577714401409;679.7932977234551;687.6335443592284;699.0730605114524;695.2268656716417;696.6007067137671;14.0
98;700.0;697.5595667869718;692.9320113314448;55.0;694.9649122806956;2;1;701.4185840255545;695.2438271604938;694.90490797546;696.0922226905212;693.9093264632611;679.7932977234551;687.6335443592284;691.040740740767;695.2268656716417;696.6007067137671;12.0
99;720.0;689.8145716992633;692.9320113314448;45.0;694.9649122806956;0;1;701.4185840255545;695.2438271604938;694.90490797546;698.3045241054774;696.4537860411854;679.7932977234551;702.2528716519531;691.040740740767;695.2268656716417;689.7575199633534;16.0
100;624.0;697.5595667869718;692.9320113314448;45.0;694.9649122806956;1;1;686.0932915831607;687.4158589999863;687.4158589999863;670.416612627114;686.0141905645556;679.7932977234551;702.2528716519531;699.0730605114524;695.2268656716417;696.6007067137671;14.0
101;633.0;697.5595667869718;692.9320113314448;45.0;694.9649122806956;1;1;686.0932915831607;687.4158589999863;687.4158589999863;670.416612627114;686.0141905645556;679.7932977234551;702.2528716519531;699.0730605114524;695.2268656716417;696.6007067137671;14.0
102;640.0;689.8145716992633;692.9320113314448;33.0;694.9649122806956;0;1;705.5941137736924;695.2438271604938;694.90490797546;696.0922226905212;698.1216488348642;693.7663279662679;702.2528716519531;699.0730605114524;695.2268656716417;689.7575199633534;19.0
103;645.0;697.5595667869718;692.9320113314448;84.0;694.9649122806956;2;2;681.7049714102249;695.2438271604938;694.90490797546;696.0922226905212;690.9696482031048;679.7932977234551;702.2528716519531;691.040740740767;695.2268656716417;696.6007067137671;8.0
104;750.0;697.5595667869718;692.9320113314448;46.0;684.4813118252059;1;1;705.5941137736924;695.2438271604938;694.90490797546;697.6898426464414;691.1615387116915;694.1193034818438;687.6335443592284;691.040740740767;695.2268656716417;696.6007067137671;16.0
105;735.0;689.8145716992633;692.9320113314448;35.0;694.9649122806956;0;1;705.5941137736924;695.2438271604938;694.90490797546;701.6980775674542;699.9349631897439;698.899400322301;702.2528716519531;699.0730605114524;695.2268656716417;689.7575199633534;21.0
106;600.0;697.5595667869718;692.9320113314448;55.0;694.9649122806956;1;1;680.8407691176255;682.1233097634412;682.1233097634412;670.416612627114;645.6577714401409;679.7932977234551;673.705516292519;691.040740740767;682.1233097634412;696.6007067137671;13.294985250737463
107;750.0;697.5595667869718;692.9320113314448;75.0;694.9649122806956;3;1;705.5941137736924;695.2438271604938;694.90490797546;670.416612627114;707.8566208272264;700.6631786637457;687.6335443592284;691.040740740767;695.2268656716417;696.6007067137671;10.0
108;600.0;673.2906783984564;692.9320113314448;25.0;694.9649122806956;1;1;705.5941137736924;695.2438271604938;694.90490797546;698.3045241054774;691.1615387116915;680.8407691176255;702.2528716519531;691.040740740767;695.2268656716417;673.2906783984564;24.0
109;705.0;697.5595667869718;692.9320113314448;48.0;694.9649122806956;1;1;705.5941137736924;695.2438271604938;694.90490797546;710.7500724586687;698.1216488348642;693.7663279662679;702.2528716519531;699.0730605114524;695.2268656716417;696.6007067137671;15.0
110;650.0;697.5595667869718;692.9320113314448;62.0;694.9649122806956;2;1;688.8749279052893;695.2438271604938;694.90490797546;697.6898426464414;645.6577714401409;679.7932977234551;687.6335443592284;691.040740740767;695.2268656716417;696.6007067137671;10.0
111;700.0;691.6399689676626;692.9320113314448;61.0;694.9649122806956;2;1;697.8854017018289;695.2438271604938;694.90490797546;701.6980775674542;645.6577714401409;679.7932977234551;687.6335443592284;691.040740740767;695.2268656716417;694.9750169715314;11.0
112;650.0;689.8145716992633;692.9320113314448;40.0;684.4813118252059;0;1;705.5941137736924;695.2438271604938;694.90490797546;690.2090043772075;689.1514921917221;683.2112015188931;702.2528716519531;691.040740740767;695.2268656716417;689.7575199633534;16.0
113;700.0;697.5595667869718;692.9320113314448;40.0;694.9649122806956;1;1;705.5941137736924;695.2438271604938;694.90490797546;678.6640137059316;691.5060492022334;697.480889673296;687.6335443592284;699.0730605114524;695.2268656716417;696.6007067137671;18.0
114;730.0;697.5595667869718;692.9320113314448;51.0;694.9649122806956;2;1;705.5941137736924;695.2438271604938;694.90490797546;710.7500724586687;707.8566208272264;700.1058026926619;687.6335443592284;691.040740740767;695.2268656716417;696.6007067137671;14.0
115;750.0;697.5595667869718;692.9320113314448;50.0;694.9649122806956;2;1;705.5941137736924;695.2438271604938;694.90490797546;697.6898426464414;698.1216488348642;700.2023806780819;687.6335443592284;691.040740740767;695.2268656716417;696.6007067137671;15.0
116;680.0;697.5595667869718;692.9320113314448;56.0;694.9649122806956;2;1;693.2144366693383;695.2438271604938;694.90490797546;697.6898426464414;688.8749279052893;679.7932977234551;687.6335443592284;691.040740740767;695.2268656716417;696.6007067137671;12.0
117;710.0;697.5595667869718;692.9320113314448;78.0;694.9649122806956;3;1;697.3853988595729;695.2438271604938;694.90490797546;710.7500724586687;697.480889673296;679.7932977234551;687.6335443592284;691.040740740767;695.2268656716417;696.6007067137671;9.0
118;720.0;697.5595667869718;692.9320113314448;47.0;694.9649122806956;2;1;705.5941137736924;695.2438271604938;694.90490797546;701.6980775674542;695.5108000843883;697.8988898163304;687.6335443592284;691.040740740767;695.2268656716417;696.6007067137671;15.0
119;750.0;689.8145716992633;692.9320113314448;43.0;694.9649122806956;0;1;705.5941137736924;695.2438271604938;694.90490797546;670.416612627114;689.1514921917221;695.1467635799776;702.2528716519531;691.040740740767;695.2268656716417;689.7575199633534;17.0
120;695.0;689.8145716992633;692.9320113314448;40.0;694.9649122806956;0;1;705.5941137736924;695.2438271604938;694.90490797546;670.416612627114;693.9093264632611;691.1919068815423;702.2528716519531;699.0730605114524;695.2268656716417;689.7575199633534;17.0
121;630.0;697.5595667869718;692.9320113314448;54.0;694.9649122806956;1;2;684.7440233485155;682.1233097634412;682.1233097634412;670.416612627114;645.6577714401409;679.7932977234551;673.705516292519;691.040740740767;682.1233097634412;696.6007067137671;13.294985250737463
122;750.0;697.5595667869718;692.9320113314448;90.0;694.9649122806956;3;1;700.3570402720752;695.2438271604938;694.90490797546;670.416612627114;645.6577714401409;679.7932977234551;702.2528716519531;691.040740740767;695.2268656716417;696.6007067137671;8.0
123;730.0;697.5595667869718;692.9320113314448;50.0;694.9649122806956;1;1;705.5941137736924;695.2438271604938;694.90490797546;696.0922226905212;698.1216488348642;700.2023806780819;702.2528716519531;699.0730605114524;695.2268656716417;696.6007067137671;15.0
124;600.0;697.5595667869718;692.9320113314448;90.0;694.9649122806956;3;1;686.0932915831607;695.2438271604938;694.90490797546;670.416612627114;691.1615387116915;679.7932977234551;702.2528716519531;691.040740740767;695.2268656716417;696.6007067137671;7.0
125;650.0;689.8145716992633;692.9320113314448;45.0;694.9649122806956;0;1;705.5941137736924;695.2438271604938;694.90490797546;678.6640137059316;698.060183306633;693.9346130507838;702.2528716519531;691.040740740767;695.2268656716417;689.7575199633534;14.0
126;750.0;697.5595667869718;692.9320113314448;38.0;684.4813118252059;1;1;705.5941137736924;695.2438271604938;694.90490797546;678.6640137059316;691.1615387116915;699.6086556468033;702.2528716519531;691.040740740767;695.2268656716417;696.6007067137671;20.0
127;730.0;697.5595667869718;692.9320113314448;50.0;694.9649122806956;1;1;697.6936662706468;695.2438271604938;694.90490797546;670.416612627114;697.6936662706468;679.7932977234551;702.2528716519531;699.0730605114524;695.2268656716417;696.6007067137671;15.0
128;735.0;689.8145716992633;692.9320113314448;30.0;694.9649122806956;0;1;705.5941137736924;695.2438271604938;694.90490797546;696.0922226905212;699.9349631897439;698.899400322301;702.2528716519531;699.0730605114524;695.2268656716417;689.7575199633534;25.0
129;610.0;697.5595667869718;692.9320113314448;72.0;684.4813118252059;1;1;689.0798550358614;695.2438271604938;694.90490797546;678.6640137059316;686.3005068205638;679.7932977234551;702.2528716519531;699.0730605114524;695.2268656716417;696.6007067137671;8.0
130;580.0;680.1218962172223;692.9320113314448;54.0;684.4813118252059;3;2;678.2385996303656;695.2438271604938;694.90490797546;670.416612627114;645.6577714401409;679.7932977234551;673.705516292519;691.040740740767;680.1218962172223;696.6007067137671;11.0
131;725.0;697.5595667869718;692.9320113314448;50.0;694.9649122806956;1;1;692.2731637371271;695.2438271604938;694.90490797546;690.2090043772075;691.1615387116915;679.7932977234551;687.6335443592284;691.040740740767;695.2268656716417;696.6007067137671;15.0
132;750.0;697.5595667869718;692.9320113314448;48.0;694.9649122806956;1;1;705.5941137736924;695.2438271604938;694.90490797546;701.6980775674542;701.6494557290996;700.3570402720752;687.6335443592284;691.040740740767;695.2268656716417;696.6007067137671;16.0
133;750.0;697.5595667869718;692.9320113314448;70.0;694.9649122806956;3;1;699.6173866894447;695.2438271604938;694.90490797546;696.0922226905212;693.9346130507838;679.7932977234551;687.6335443592284;691.040740740767;695.2268656716417;696.6007067137671;11.0
134;750.0;697.5595667869718;692.9320113314448;49.0;694.9649122806956;1;1;705.5941137736924;695.2438271604938;694.90490797546;700.3570402720752;701.25373726602;699.158751927826;702.2528716519531;691.040740740767;695.2268656716417;696.6007067137671;15.0
135;730.0;697.5595667869718;692.9320113314448;60.0;694.9649122806956;3;1;697.3853988595729;695.2438271604938;694.90490797546;697.6898426464414;692.8594413703481;679.7932977234551;687.6335443592284;691.040740740767;695.2268656716417;696.6007067137671;12.0
136;560.0;697.5595667869718;692.9320113314448;26.0;684.4813118252059;1;1;705.5941137736924;695.2438271604938;694.90490797546;678.6640137059316;691.1615387116915;690.2450997417588;687.6335443592284;691.040740740767;695.2268656716417;696.6007067137671;22.0
137;700.0;689.8145716992633;692.9320113314448;23.0;694.9649122806956;0;1;705.5941137736924;682.1233097634412;682.1233097634412;670.416612627114;645.6577714401409;679.7932977234551;673.705516292519;691.040740740767;682.1233097634412;696.6007067137671;13.294985250737463
138;750.0;697.5595667869718;692.9320113314448;80.0;694.9649122806956;3;1;701.0271662958082;695.2438271604938;694.90490797546;696.0922226905212;700.3570402720752;679.7932977234551;702.2528716519531;699.0730605114524;695.2268656716417;696.6007067137671;9.0
139;730.0;697.5595667869718;692.9320113314448;70.0;694.9649122806956;3;1;689.0798550358614;695.2438271604938;694.90490797546;697.6898426464414;697.7548707848152;679.7932977234551;687.6335443592284;691.040740740767;695.2268656716417;696.6007067137671;10.0
140;730.0;697.5595667869718;692.9320113314448;52.0;694.9649122806956;2;1;705.5941137736924;695.2438271604938;694.90490797546;710.7500724586687;697.3705174848837;698.899400322301;687.6335443592284;691.040740740767;695.2268656716417;696.6007067137671;14.0
141;740.0;697.5595667869718;692.9320113314448;64.0;694.9649122806956;2;1;705.5941137736924;695.2438271604938;694.90490797546;697.6898426464414;707.8566208272264;700.6631786637457;687.6335443592284;691.040740740767;695.2268656716417;696.6007067137671;12.0
142;720.0;697.5595667869718;692.9320113314448;65.0;694.9649122806956;2;1;705.5941137736924;695.2438271604938;694.90490797546;696.0922226905212;707.8566208272264;700.1058026926619;687.6335443592284;691.040740740767;695.2268656716417;696.6007067137671;11.0
143;720.0;697.5595667869718;692.9320113314448;63.0;694.9649122806956;2;1;693.2144366693383;695.2438271604938;694.90490797546;696.0922226905212;688.8749279052893;679.7932977234551;687.6335443592284;691.040740740767;695.2268656716417;696.6007067137671;11.0
144;740.0;697.5595667869718;692.9320113314448;54.0;694.9649122806956;2;1;705.5941137736924;695.2438271604938;694.90490797546;701.6980775674542;707.8566208272264;700.1058026926619;702.2528716519531;691.040740740767;695.2268656716417;696.6007067137671;14.0
145;720.0;697.5595667869718;692.9320113314448;52.0;694.9649122806956;2;1;696.177593357043;695.2438271604938;694.90490797546;697.6898426464414;690.9344647730697;679.7932977234551;687.6335443592284;691.040740740767;695.2268656716417;696.6007067137671;14.0
146;730.0;697.5595667869718;692.9320113314448;45.0;694.9649122806956;2;1;705.5941137736924;695.2438271604938;694.90490797546;697.6898426464414;695.5142893172506;693.9893874974726;687.6335443592284;691.040740740767;695.2268656716417;696.6007067137671;16.0
147;600.0;691.6399689676626;692.9320113314448;80.0;684.4813118252059;1;1;705.5941137736924;682.1233097634412;682.1233097634412;670.416612627114;645.6577714401409;679.7932977234551;673.705516292519;691.040740740767;682.1233097634412;696.6007067137671;13.294985250737463
148;600.0;691.6399689676626;692.9320113314448;80.0;684.4813118252059;1;1;705.5941137736924;682.1233097634412;682.1233097634412;670.416612627114;645.6577714401409;679.7932977234551;673.705516292519;691.040740740767;682.1233097634412;696.6007067137671;13.294985250737463
149;725.0;691.6399689676626;692.9320113314448;71.0;694.9649122806956;2;1;697.8854017018289;695.2438271604938;694.90490797546;701.6980775674542;645.6577714401409;679.7932977234551;687.6335443592284;699.0730605114524;695.2268656716417;694.9750169715314;10.0
150;675.0;697.5595667869718;692.9320113314448;76.0;694.9649122806956;3;1;688.6151981170156;695.2438271604938;694.90490797546;696.0922226905212;645.6577714401409;679.7932977234551;687.6335443592284;699.0730605114524;695.2268656716417;696.6007067137671;9.0
151;750.0;697.5595667869718;692.9320113314448;54.0;694.9649122806956;1;1;701.4185840255545;695.2438271604938;694.90490797546;697.6898426464414;700.2086370207389;679.7932977234551;702.2528716519531;699.0730605114524;695.2268656716417;696.6007067137671;14.0
152;750.0;691.6399689676626;692.9320113314448;79.0;694.9649122806956;2;2;695.813794201381;695.2438271604938;694.90490797546;701.6980775674542;698.899400322301;679.7932977234551;687.6335443592284;691.040740740767;695.2268656716417;694.9750169715314;9.0
153;700.0;697.5595667869718;692.9320113314448;54.0;694.9649122806956;1;1;705.5941137736924;695.2438271604938;694.90490797546;696.0922226905212;686.8420598057594;693.8516165539254;702.2528716519531;691.040740740767;695.2268656716417;696.6007067137671;13.0
154;750.0;697.5595667869718;692.9320113314448;54.0;694.9649122806956;2;1;705.5941137736924;695.2438271604938;694.90490797546;697.6898426464414;707.8566208272264;700.6631786637457;687.6335443592284;691.040740740767;695.2268656716417;696.6007067137671;14.0
155;730.0;697.5595667869718;692.9320113314448;48.0;694.9649122806956;2;1;705.5941137736924;695.2438271604938;694.90490797546;697.6898426464414;695.5108000843883;697.8988898163304;687.6335443592284;691.040740740767;695.2268656716417;696.6007067137671;15.0
156;650.0;697.5595667869718;692.9320113314448;61.0;694.9649122806956;2;1;699.6173866894447;695.2438271604938;694.90490797546;710.7500724586687;697.8699033426905;679.7932977234551;687.6335443592284;691.040740740767;695.2268656716417;696.6007067137671;11.0
157;730.0;697.5595667869718;692.9320113314448;63.0;694.9649122806956;2;1;705.5941137736924;695.2438271604938;694.90490797546;701.6980775674542;707.8566208272264;700.6631786637457;687.6335443592284;691.040740740767;695.2268656716417;696.6007067137671;12.0
158;720.0;697.5595667869718;692.9320113314448;50.0;694.9649122806956;2;1;705.5941137736924;695.2438271604938;694.90490797546;696.0922226905212;695.5108000843883;697.8988898163304;687.6335443592284;691.040740740767;695.2268656716417;696.6007067137671;14.0
159;720.0;697.5595667869718;692.9320113314448;51.0;694.9649122806956;2;1;705.5941137736924;695.2438271604938;694.90490797546;701.6980775674542;695.5108000843883;697.8988898163304;687.6335443592284;691.040740740767;695.2268656716417;696.6007067137671;14.0
160;750.0;697.5595667869718;692.9320113314448;47.0;694.9649122806956;2;1;705.5941137736924;695.2438271604938;694.90490797546;701.6980775674542;695.5142893172506;693.9893874974726;687.6335443592284;691.040740740767;695.2268656716417;696.6007067137671;16.0
161;730.0;697.5595667869718;692.9320113314448;50.0;694.9649122806956;2;1;705.5941137736924;695.2438271604938;694.90490797546;697.6898426464414;707.8566208272264;694.7492345375915;687.6335443592284;691.040740740767;695.2268656716417;696.6007067137671;15.0
162;730.0;697.5595667869718;692.9320113314448;40.0;694.9649122806956;2;1;705.5941137736924;695.2438271604938;694.90490797546;696.0922226905212;695.5142893172506;693.9893874974726;687.6335443592284;691.040740740767;695.2268656716417;696.6007067137671;18.0
163;670.0;697.5595667869718;692.9320113314448;67.0;694.9649122806956;2;1;686.0932915831607;695.2438271604938;694.90490797546;701.6980775674542;695.3531236997887;679.7932977234551;702.2528716519531;691.040740740767;695.2268656716417;696.6007067137671;10.0
164;740.0;697.5595667869718;692.9320113314448;52.0;694.9649122806956;2;1;705.5941137736924;695.2438271604938;694.90490797546;697.6898426464414;695.5142893172506;693.9893874974726;687.6335443592284;691.040740740767;695.2268656716417;696.6007067137671;14.0
165;720.0;697.5595667869718;692.9320113314448;69.0;694.9649122806956;2;1;699.6173866894447;695.2438271604938;694.90490797546;701.6980775674542;698.6577280272465;679.7932977234551;702.2528716519531;691.040740740767;695.2268656716417;696.6007067137671;10.0
166;750.0;697.5595667869718;692.9320113314448;59.0;694.9649122806956;2;1;705.5941137736924;695.2438271604938;694.90490797546;710.7500724586687;707.8566208272264;700.6631786637457;687.6335443592284;691.040740740767;695.2268656716417;696.6007067137671;13.0
167;740.0;697.5595667869718;692.9320113314448;45.0;694.9649122806956;2;1;705.5941137736924;695.2438271604938;694.90490797546;697.6898426464414;707.8566208272264;700.1058026926619;687.6335443592284;691.040740740767;695.2268656716417;696.6007067137671;16.0
168;740.0;697.5595667869718;692.9320113314448;60.0;694.9649122806956;2;1;705.5941137736924;695.2438271604938;694.90490797546;701.6980775674542;707.8566208272264;700.1058026926619;702.2528716519531;691.040740740767;695.2268656716417;696.6007067137671;12.0
169;730.0;689.8145716992633;692.9320113314448;45.0;684.4813118252059;0;1;705.5941137736924;695.2438271604938;694.90490797546;670.416612627114;691.1615387116915;699.6086556468033;702.2528716519531;691.040740740767;695.2268656716417;689.7575199633534;16.0
170;620.0;697.5595667869718;692.9320113314448;75.0;694.9649122806956;3;1;697.3853988595729;695.2438271604938;694.90490797546;670.416612627114;692.8594413703481;679.7932977234551;702.2528716519531;691.040740740767;695.2268656716417;696.6007067137671;8.0
171;695.0;697.5595667869718;692.9320113314448;67.0;694.9649122806956;2;1;695.3531236997887;695.2438271604938;694.90490797546;670.416612627114;693.2010741821103;679.7932977234551;687.6335443592284;691.040740740767;695.2268656716417;696.6007067137671;10.0
172;650.0;697.5595667869718;692.9320113314448;95.0;694.9649122806956;3;1;693.7218364534331;695.2438271604938;694.90490797546;670.416612627114;691.1615387116915;679.7932977234551;702.2528716519531;691.040740740767;695.2268656716417;696.6007067137671;7.0
173;675.0;697.5595667869718;692.9320113314448;68.0;694.9649122806956;2;1;699.6173866894447;695.2438271604938;694.90490797546;670.416612627114;690.5989046948504;679.7932977234551;702.2528716519531;691.040740740767;695.2268656716417;696.6007067137671;10.0
174;695.0;697.5595667869718;692.9320113314448;65.0;694.9649122806956;2;1;705.5941137736924;695.2438271604938;694.90490797546;670.416612627114;697.3705174848837;693.2010741821103;687.6335443592284;691.040740740767;695.2268656716417;696.6007067137671;11.0
175;750.0;697.5595667869718;692.9320113314448;111.0;694.9649122806956;2;2;697.3853988595729;695.2438271604938;694.90490797546;697.480889673296;691.1615387116915;679.7932977234551;702.2528716519531;691.040740740767;695.2268656716417;696.6007067137671;7.0
176;675.0;697.5595667869718;692.9320113314448;35.0;684.4813118252059;1;1;705.5941137736924;682.1233097634412;682.1233097634412;670.416612627114;645.6577714401409;679.7932977234551;673.705516292519;691.040740740767;682.1233097634412;696.6007067137671;13.294985250737463
177;730.0;697.5595667869718;692.9320113314448;60.0;684.4813118252059;3;1;697.3853988595729;695.2438271604938;694.90490797546;697.6898426464414;692.8594413703481;679.7932977234551;687.6335443592284;691.040740740767;695.2268656716417;696.6007067137671;12.0
178;690.0;697.5595667869718;692.9320113314448;85.0;694.9649122806956;2;1;697.3853988595729;695.2438271604938;694.90490797546;670.416612627114;692.8594413703481;679.7932977234551;702.2528716519531;691.040740740767;695.2268656716417;696.6007067137671;8.0
179;750.0;697.5595667869718;692.9320113314448;45.0;684.4813118252059;1;1;705.5941137736924;695.2438271604938;694.90490797546;678.6640137059316;689.1514921917221;695.1467635799776;687.6335443592284;691.040740740767;695.2268656716417;696.6007067137671;17.0
180;600.0;689.8145716992633;692.9320113314448;32.0;694.9649122806956;0;1;705.5941137736924;695.2438271604938;694.90490797546;701.6980775674542;695.5108000843883;680.8407691176255;702.2528716519531;691.040740740767;695.2268656716417;689.7575199633534;19.0
181;700.0;697.5595667869718;692.9320113314448;55.0;694.9649122806956;2;1;701.4185840255545;695.2438271604938;694.90490797546;696.0922226905212;693.9093264632611;679.7932977234551;687.6335443592284;691.040740740767;695.2268656716417;696.6007067137671;12.0
182;725.0;697.5595667869718;692.9320113314448;50.0;694.9649122806956;1;1;705.5941137736924;695.2438271604938;694.90490797546;701.6980775674542;695.5108000843883;693.5059395678978;702.2528716519531;699.0730605114524;695.2268656716417;696.6007067137671;15.0
183;750.0;697.5595667869718;692.9320113314448;67.0;694.9649122806956;3;1;696.177593357043;682.1233097634412;682.1233097634412;670.416612627114;645.6577714401409;679.7932977234551;673.705516292519;691.040740740767;682.1233097634412;696.6007067137671;13.294985250737463
184;600.0;697.5595667869718;692.9320113314448;45.0;694.9649122806956;2;1;680.8407691176255;682.1233097634412;682.1233097634412;670.416612627114;645.6577714401409;679.7932977234551;673.705516292519;691.040740740767;682.1233097634412;696.6007067137671;13.294985250737463
185;750.0;697.5595667869718;692.9320113314448;70.0;694.9649122806956;3;1;701.0271662958082;695.2438271604938;694.90490797546;696.0922226905212;700.3570402720752;679.7932977234551;687.6335443592284;691.040740740767;695.2268656716417;696.6007067137671;11.0
186;450.0;673.2906783984564;692.9320113314448;60.0;694.9649122806956;1;1;665.5644000706862;695.2438271604938;694.90490797546;670.416612627114;645.6577714401409;679.7932977234551;687.6335443592284;691.040740740767;695.2268656716417;673.2906783984564;8.0
187;720.0;697.5595667869718;692.9320113314448;54.0;694.9649122806956;1;1;705.5941137736924;695.2438271604938;694.90490797546;678.6640137059316;701.6494557290996;695.0535385086307;687.6335443592284;691.040740740767;695.2268656716417;696.6007067137671;13.0
188;550.0;673.2906783984564;692.9320113314448;75.0;694.9649122806956;2;2;665.5644000706862;695.2438271604938;694.90490797546;670.416612627114;645.6577714401409;679.7932977234551;687.6335443592284;691.040740740767;695.2268656716417;673.2906783984564;7.0
189;720.0;697.5595667869718;692.9320113314448;49.0;684.4813118252059;3;1;705.5941137736924;695.2438271604938;694.90490797546;697.6898426464414;707.8566208272264;695.0535385086307;687.6335443592284;691.040740740767;695.2268656716417;696.6007067137671;15.0
190;740.0;697.5595667869718;692.9320113314448;65.0;694.9649122806956;3;1;705.5941137736924;695.2438271604938;694.90490797546;701.6980775674542;697.3705174848837;698.899400322301;702.2528716519531;691.040740740767;695.2268656716417;696.6007067137671;11.0
191;700.0;697.5595667869718;692.9320113314448;55.0;694.9649122806956;2;1;701.4185840255545;695.2438271604938;694.90490797546;696.0922226905212;693.9093264632611;679.7932977234551;687.6335443592284;691.040740740767;695.2268656716417;696.6007067137671;12.0
192;720.0;697.5595667869718;692.9320113314448;56.0;684.4813118252059;2;1;705.5941137736924;695.2438271604938;694.90490797546;710.7500724586687;707.8566208272264;700.1058026926619;687.6335443592284;691.040740740767;695.2268656716417;696.6007067137671;13.0
193;650.0;697.5595667869718;692.9320113314448;31.0;684.4813118252059;1;1;705.5941137736924;695.2438271604938;694.90490797546;697.6898426464414;691.1615387116915;690.2450997417588;687.6335443592284;691.040740740767;695.2268656716417;696.6007067137671;21.0
194;650.0;697.5595667869718;692.9320113314448;96.0;694.9649122806956;2;1;681.7049714102249;695.2438271604938;694.90490797546;697.6898426464414;690.9696482031048;679.7932977234551;687.6335443592284;691.040740740767;695.2268656716417;696.6007067137671;7.0
195;700.0;697.5595667869718;692.9320113314448;55.0;694.9649122806956;2;1;701.4185840255545;695.2438271604938;694.90490797546;696.0922226905212;693.9093264632611;679.7932977234551;687.6335443592284;691.040740740767;695.2268656716417;696.6007067137671;12.0
196;690.0;697.5595667869718;692.9320113314448;64.0;694.9649122806956;2;1;699.6173866894447;695.2438271604938;694.90490797546;678.6640137059316;689.6790811037692;679.7932977234551;687.6335443592284;691.040740740767;695.2268656716417;696.6007067137671;11.0
197;750.0;689.8145716992633;692.9320113314448;25.0;694.9649122806956;0;1;705.5941137736924;695.2438271604938;694.90490797546;698.3045241054774;697.1262620110448;700.3570402720752;702.2528716519531;691.040740740767;695.2268656716417;689.7575199633534;30.0
198;725.0;697.5595667869718;692.9320113314448;45.0;694.9649122806956;1;1;705.5941137736924;695.2438271604938;694.90490797546;696.0922226905212;695.5108000843883;693.5059395678978;702.2528716519531;699.0730605114524;695.2268656716417;696.6007067137671;16.0
199;620.0;697.5595667869718;692.9320113314448;85.0;684.4813118252059;1;1;689.0798550358614;695.2438271604938;694.90490797546;678.6640137059316;686.3005068205638;679.7932977234551;702.2528716519531;699.0730605114524;695.2268656716417;696.6007067137671;7.0
200;590.0;697.5595667869718;692.9320113314448;52.0;694.9649122806956;1;1;679.5396843739956;695.2438271604938;694.90490797546;678.6640137059316;645.6577714401409;679.7932977234551;687.6335443592284;691.040740740767;695.2268656716417;696.6007067137671;11.0
201;700.0;697.5595667869718;692.9320113314448;55.0;694.9649122806956;2;1;701.4185840255545;695.2438271604938;694.90490797546;696.0922226905212;693.9093264632611;679.7932977234551;687.6335443592284;691.040740740767;695.2268656716417;696.6007067137671;12.0
202;720.0;689.8145716992633;692.9320113314448;36.0;694.9649122806956;0;1;705.5941137736924;695.2438271604938;694.90490797546;696.0922226905212;698.060183306633;696.4537860411854;702.2528716519531;699.0730605114524;695.2268656716417;689.7575199633534;20.0
203;700.0;697.5595667869718;692.9320113314448;82.0;694.9649122806956;2;1;690.3883364282716;695.2438271604938;694.90490797546;697.6898426464414;690.3883364282716;679.7932977234551;687.6335443592284;691.040740740767;695.2268656716417;696.6007067137671;9.0
204;692.0;697.5595667869718;692.9320113314448;83.0;694.9649122806956;2;2;693.2144366693383;687.4158589999863;687.4158589999863;670.416612627114;695.6128830213358;679.7932977234551;702.2528716519531;699.0730605114524;695.2268656716417;696.6007067137671;8.0
205;670.0;697.5595667869718;692.9320113314448;79.0;694.9649122806956;2;2;693.2144366693383;687.4158589999863;687.4158589999863;670.416612627114;695.6128830213358;679.7932977234551;702.2528716519531;699.0730605114524;695.2268656716417;696.6007067137671;8.0
206;609.0;697.5595667869718;692.9320113314448;56.0;694.9649122806956;1;1;699.6173866894447;687.4158589999863;687.4158589999863;678.6640137059316;682.0117453868926;679.7932977234551;702.2528716519531;691.040740740767;695.2268656716417;696.6007067137671;11.0
207;718.0;697.5595667869718;692.9320113314448;86.0;694.9649122806956;2;2;693.2144366693383;687.4158589999863;687.4158589999863;670.416612627114;695.6128830213358;679.7932977234551;702.2528716519531;699.0730605114524;695.2268656716417;696.6007067137671;8.0
208;694.0;697.5595667869718;692.9320113314448;81.0;694.9649122806956;2;2;693.2144366693383;687.4158589999863;687.4158589999863;670.416612627114;695.6128830213358;679.7932977234551;702.2528716519531;699.0730605114524;695.2268656716417;696.6007067137671;9.0
209;658.0;697.5595667869718;692.9320113314448;78.0;694.9649122806956;2;2;693.2144366693383;687.4158589999863;687.4158589999863;670.416612627114;695.6128830213358;679.7932977234551;702.2528716519531;699.0730605114524;695.2268656716417;696.6007067137671;8.0
210;750.0;697.5595667869718;692.9320113314448;36.0;684.4813118252059;2;1;705.5941137736924;695.2438271604938;694.90490797546;696.0922226905212;689.1514921917221;690.3883364282716;702.2528716519531;691.040740740767;695.2268656716417;696.6007067137671;21.0
211;723.0;697.5595667869718;692.9320113314448;88.0;694.9649122806956;2;2;693.2144366693383;687.4158589999863;687.4158589999863;670.416612627114;695.6128830213358;679.7932977234551;702.2528716519531;699.0730605114524;695.2268656716417;696.6007067137671;8.0
212;728.0;697.5595667869718;692.9320113314448;91.0;694.9649122806956;2;2;693.2144366693383;687.4158589999863;687.4158589999863;670.416612627114;695.6128830213358;679.7932977234551;702.2528716519531;699.0730605114524;695.2268656716417;696.6007067137671;8.0
213;650.0;689.8145716992633;692.9320113314448;28.0;694.9649122806956;0;1;705.5941137736924;695.2438271604938;694.90490797546;678.6640137059316;689.1514921917221;695.1467635799776;687.6335443592284;691.040740740767;695.2268656716417;689.7575199633534;23.0
214;750.0;697.5595667869718;692.9320113314448;60.0;684.4813118252059;2;1;699.6173866894447;695.2438271604938;694.90490797546;701.6980775674542;697.480889673296;679.7932977234551;687.6335443592284;691.040740740767;695.2268656716417;696.6007067137671;13.0
215;735.0;697.5595667869718;692.9320113314448;60.0;694.9649122806956;3;1;697.3853988595729;695.2438271604938;694.90490797546;710.7500724586687;697.1262620110448;679.7932977234551;687.6335443592284;691.040740740767;695.2268656716417;696.6007067137671;12.0
216;700.0;697.5595667869718;692.9320113314448;55.0;694.9649122806956;2;1;701.4185840255545;695.2438271604938;694.90490797546;696.0922226905212;693.9093264632611;679.7932977234551;687.6335443592284;691.040740740767;695.2268656716417;696.6007067137671;12.0
217;725.0;697.5595667869718;692.9320113314448;67.0;694.9649122806956;3;1;697.3705174848837;695.2438271604938;694.90490797546;710.7500724586687;691.1615387116915;679.7932977234551;687.6335443592284;691.040740740767;695.2268656716417;696.6007067137671;11.0
218;740.0;697.5595667869718;692.9320113314448;77.0;694.9649122806956;3;2;699.6173866894447;695.2438271604938;694.90490797546;678.6640137059316;697.8699033426905;679.7932977234551;702.2528716519531;691.040740740767;695.2268656716417;696.6007067137671;10.0
219;720.0;697.5595667869718;692.9320113314448;73.0;694.9649122806956;1;1;695.813794201381;695.2438271604938;694.90490797546;696.0922226905212;698.899400322301;679.7932977234551;702.2528716519531;691.040740740767;695.2268656716417;696.6007067137671;10.0
220;750.0;697.5595667869718;692.9320113314448;79.0;694.9649122806956;3;1;696.177593357043;695.2438271604938;694.90490797546;690.2090043772075;700.3570402720752;679.7932977234551;702.2528716519531;691.040740740767;695.2268656716417;696.6007067137671;9.0
221;710.0;697.5595667869718;692.9320113314448;66.0;694.9649122806956;3;1;697.3853988595729;695.2438271604938;694.90490797546;710.7500724586687;697.1262620110448;679.7932977234551;687.6335443592284;691.040740740767;695.2268656716417;696.6007067137671;11.0
222;725.0;697.5595667869718;692.9320113314448;62.0;694.9649122806956;2;1;705.5941137736924;695.2438271604938;694.90490797546;697.6898426464414;691.5060492022334;690.1621384476521;687.6335443592284;691.040740740767;695.2268656716417;696.6007067137671;12.0
223;750.0;697.5595667869718;692.9320113314448;46.0;684.4813118252059;1;1;705.5941137736924;695.2438271604938;694.90490797546;678.6640137059316;701.6494557290996;697.1262620110448;687.6335443592284;691.040740740767;695.2268656716417;696.6007067137671;16.0
224;750.0;697.5595667869718;692.9320113314448;61.0;694.9649122806956;2;1;705.5941137736924;695.2438271604938;694.90490797546;701.6980775674542;701.6494557290996;701.0271662958082;702.2528716519531;691.040740740767;695.2268656716417;696.6007067137671;12.0
225;700.0;697.5595667869718;692.9320113314448;55.0;694.9649122806956;2;1;701.4185840255545;695.2438271604938;694.90490797546;696.0922226905212;693.9093264632611;679.7932977234551;687.6335443592284;691.040740740767;695.2268656716417;696.6007067137671;12.0
226;720.0;697.5595667869718;692.9320113314448;110.0;684.4813118252059;2;1;697.3853988595729;695.2438271604938;694.90490797546;670.416612627114;696.4537860411854;679.7932977234551;702.2528716519531;699.0730605114524;695.2268656716417;696.6007067137671;7.0
227;720.0;697.5595667869718;692.9320113314448;48.0;684.4813118252059;2;1;705.5941137736924;695.2438271604938;694.90490797546;678.6640137059316;695.5142893172506;690.4195805561246;687.6335443592284;691.040740740767;695.2268656716417;696.6007067137671;15.0
228;700.0;697.5595667869718;692.9320113314448;57.0;684.4813118252059;2;1;705.5941137736924;695.2438271604938;694.90490797546;710.7500724586687;707.8566208272264;695.0535385086307;687.6335443592284;691.040740740767;695.2268656716417;696.6007067137671;12.0
229;750.0;691.6399689676626;692.9320113314448;75.0;694.9649122806956;2;2;697.8854017018289;695.2438271604938;694.90490797546;701.6980775674542;645.6577714401409;679.7932977234551;687.6335443592284;691.040740740767;695.2268656716417;694.9750169715314;10.0
230;610.0;689.8145716992633;692.9320113314448;26.0;684.4813118252059;0;1;705.5941137736924;695.2438271604938;694.90490797546;697.6898426464414;689.1514921917221;695.1467635799776;702.2528716519531;691.040740740767;695.2268656716417;689.7575199633534;23.0
231;740.0;697.5595667869718;692.9320113314448;52.0;684.4813118252059;2;1;697.3705174848837;695.2438271604938;694.90490797546;710.7500724586687;691.1615387116915;679.7932977234551;687.6335443592284;691.040740740767;695.2268656716417;696.6007067137671;14.0
232;715.0;697.5595667869718;692.9320113314448;62.0;694.9649122806956;2;1;699.1103969045737;695.2438271604938;694.90490797546;678.6640137059316;697.8355173355473;679.7932977234551;702.2528716519531;699.0730605114524;695.2268656716417;696.6007067137671;12.0
233;550.0;697.5595667869718;692.9320113314448;57.0;684.4813118252059;2;1;681.7049714102249;695.2438271604938;694.90490797546;678.6640137059316;670.8838150044546;679.7932977234551;687.6335443592284;691.040740740767;695.2268656716417;696.6007067137671;10.0
234;710.0;697.5595667869718;692.9320113314448;36.0;694.9649122806956;1;1;705.5941137736924;695.2438271604938;694.90490797546;678.6640137059316;698.4230775594249;693.2793954075133;687.6335443592284;691.040740740767;695.2268656716417;696.6007067137671;20.0
235;730.0;697.5595667869718;692.9320113314448;51.0;694.9649122806956;2;1;705.5941137736924;695.2438271604938;694.90490797546;696.0922226905212;707.8566208272264;700.6631786637457;687.6335443592284;691.040740740767;695.2268656716417;696.6007067137671;14.0
236;750.0;689.8145716992633;692.9320113314448;23.0;694.9649122806956;0;1;705.5941137736924;695.2438271604938;694.90490797546;697.9828806237634;691.1615387116915;700.3570402720752;702.2528716519531;691.040740740767;695.2268656716417;689.7575199633534;33.0
237;690.0;697.5595667869718;692.9320113314448;33.0;684.4813118252059;1;1;705.5941137736924;695.2438271604938;694.90490797546;697.6898426464414;689.1514921917221;695.1467635799776;702.2528716519531;691.040740740767;695.2268656716417;696.6007067137671;21.0
238;740.0;697.5595667869718;692.9320113314448;73.0;694.9649122806956;3;1;697.3853988595729;695.2438271604938;694.90490797546;710.7500724586687;697.480889673296;679.7932977234551;702.2528716519531;691.040740740767;695.2268656716417;696.6007067137671;10.0
239;750.0;691.6399689676626;692.9320113314448;66.0;694.9649122806956;1;1;705.5941137736924;695.2438271604938;694.90490797546;678.6640137059316;689.1514921917221;695.1467635799776;702.2528716519531;691.040740740767;695.2268656716417;694.9750169715314;11.0
240;720.0;697.5595667869718;692.9320113314448;44.0;684.4813118252059;3;1;705.5941137736924;695.2438271604938;694.90490797546;696.0922226905212;707.8566208272264;700.6631786637457;687.6335443592284;691.040740740767;695.2268656716417;696.6007067137671;16.0
241;475.0;697.5595667869718;692.9320113314448;79.0;694.9649122806956;2;2;664.5772098222509;695.2438271604938;694.90490797546;696.0922226905212;645.6577714401409;679.7932977234551;702.2528716519531;691.040740740767;695.2268656716417;696.6007067137671;6.0
242;740.0;697.5595667869718;692.9320113314448;41.0;694.9649122806956;2;1;705.5941137736924;695.2438271604938;694.90490797546;696.0922226905212;695.5142893172506;693.9893874974726;687.6335443592284;691.040740740767;695.2268656716417;696.6007067137671;18.0
243;740.0;697.5595667869718;692.9320113314448;57.0;694.9649122806956;1;1;705.5941137736924;695.2438271604938;694.90490797546;701.6980775674542;691.5060492022334;699.0559555284453;702.2528716519531;691.040740740767;695.2268656716417;696.6007067137671;13.0
244;740.0;697.5595667869718;692.9320113314448;62.0;694.9649122806956;2;1;699.1103969045737;695.2438271604938;694.90490797546;701.6980775674542;697.8355173355473;679.7932977234551;702.2528716519531;699.0730605114524;695.2268656716417;696.6007067137671;12.0
245;700.0;697.5595667869718;692.9320113314448;74.0;684.4813118252059;2;1;696.177593357043;695.2438271604938;694.90490797546;710.7500724586687;693.8516165539254;679.7932977234551;687.6335443592284;691.040740740767;695.2268656716417;696.6007067137671;9.0
246;730.0;697.5595667869718;692.9320113314448;35.0;684.4813118252059;1;1;705.5941137736924;695.2438271604938;694.90490797546;696.0922226905212;691.1615387116915;698.5288208720782;702.2528716519531;691.040740740767;695.2268656716417;696.6007067137671;21.0
247;700.0;689.8145716992633;692.9320113314448;28.0;694.9649122806956;0;1;705.5941137736924;695.2438271604938;694.90490797546;697.6898426464414;699.9349631897439;693.8516165539254;702.2528716519531;699.0730605114524;695.2268656716417;689.7575199633534;25.0
248;700.0;697.5595667869718;692.9320113314448;55.0;694.9649122806956;2;1;701.4185840255545;695.2438271604938;694.90490797546;696.0922226905212;693.9093264632611;679.7932977234551;687.6335443592284;691.040740740767;695.2268656716417;696.6007067137671;12.0
249;750.0;697.5595667869718;692.9320113314448;109.0;694.9649122806956;2;2;686.0932915831607;695.2438271604938;694.90490797546;697.6898426464414;686.0141905645556;679.7932977234551;702.2528716519531;699.0730605114524;695.2268656716417;696.6007067137671;7.0
250;749.0;697.5595667869718;692.9320113314448;38.0;694.9649122806956;1;1;705.5941137736924;695.2438271604938;694.90490797546;696.0922226905212;701.6494557290996;697.4099641408458;702.2528716519531;699.0730605114524;695.2268656716417;696.6007067137671;20.0
251;700.0;689.8145716992633;692.9320113314448;30.0;684.4813118252059;0;1;705.5941137736924;695.2438271604938;694.90490797546;678.6640137059316;695.3159460094015;692.516102401779;702.2528716519531;691.040740740767;695.2268656716417;689.7575199633534;23.0
252;667.0;697.5595667869718;692.9320113314448;70.0;694.9649122806956;1;1;697.3853988595729;695.2438271604938;694.90490797546;697.9828806237634;689.5580368999464;679.7932977234551;702.2528716519531;699.0730605114524;695.2268656716417;696.6007067137671;10.0
253;725.0;697.5595667869718;692.9320113314448;45.0;684.4813118252059;1;1;705.5941137736924;695.2438271604938;694.90490797546;701.6980775674542;695.5108000843883;693.5059395678978;702.2528716519531;699.0730605114524;695.2268656716417;696.6007067137671;16.0
254;550.0;673.2906783984564;692.9320113314448;70.0;694.9649122806956;3;1;665.5644000706862;695.2438271604938;694.90490797546;697.6898426464414;645.6577714401409;679.7932977234551;687.6335443592284;699.0730605114524;695.2268656716417;673.2906783984564;8.0
255;695.0;697.5595667869718;692.9320113314448;55.0;694.9649122806956;3;1;697.3853988595729;695.2438271604938;694.90490797546;710.7500724586687;693.2010741821103;679.7932977234551;687.6335443592284;691.040740740767;695.2268656716417;696.6007067137671;13.0
256;750.0;697.5595667869718;692.9320113314448;105.0;694.9649122806956;3;1;701.0271662958082;695.2438271604938;694.90490797546;701.6980775674542;645.6577714401409;679.7932977234551;687.6335443592284;691.040740740767;695.2268656716417;696.6007067137671;7.0
257;699.0;697.5595667869718;692.9320113314448;52.0;694.9649122806956;1;1;705.5941137736924;695.2438271604938;694.90490797546;697.6898426464414;695.5142893172506;691.3463721466259;702.2528716519531;699.0730605114524;695.2268656716417;696.6007067137671;13.0
258;750.0;689.8145716992633;692.9320113314448;32.0;694.9649122806956;0;1;705.5941137736924;695.2438271604938;694.90490797546;700.3570402720752;698.060183306633;697.480889673296;702.2528716519531;691.040740740767;695.2268656716417;689.7575199633534;23.0
259;730.0;697.5595667869718;692.9320113314448;80.0;694.9649122806956;3;1;695.813794201381;695.2438271604938;694.90490797546;710.7500724586687;697.7548707848152;679.7932977234551;687.6335443592284;691.040740740767;695.2268656716417;696.6007067137671;9.0
260;710.0;697.5595667869718;692.9320113314448;30.0;694.9649122806956;1;1;705.5941137736924;695.2438271604938;694.90490797546;678.6640137059316;691.1615387116915;690.2450997417588;687.6335443592284;691.040740740767;695.2268656716417;696.6007067137671;24.0
261;650.0;697.5595667869718;692.9320113314448;58.0;694.9649122806956;1;1;705.5941137736924;695.2438271604938;694.90490797546;710.7500724586687;695.5142893172506;691.3463721466259;702.2528716519531;691.040740740767;695.2268656716417;696.6007067137671;11.0
262;700.0;697.5595667869718;692.9320113314448;55.0;694.9649122806956;2;1;701.4185840255545;695.2438271604938;694.90490797546;696.0922226905212;693.9093264632611;679.7932977234551;687.6335443592284;691.040740740767;695.2268656716417;696.6007067137671;12.0
263;740.0;697.5595667869718;692.9320113314448;41.0;694.9649122806956;2;1;705.5941137736924;695.2438271604938;694.90490797546;697.6898426464414;698.1216488348642;700.2023806780819;687.6335443592284;691.040740740767;695.2268656716417;696.6007067137671;18.0
264;525.0;697.5595667869718;692.9320113314448;40.0;694.9649122806956;1;1;681.7049714102249;695.2438271604938;694.90490797546;697.6898426464414;670.8838150044546;679.7932977234551;702.2528716519531;691.040740740767;695.2268656716417;696.6007067137671;13.0
265;750.0;689.8145716992633;692.9320113314448;35.0;694.9649122806956;0;1;705.5941137736924;695.2438271604938;694.90490797546;710.7500724586687;697.480889673296;697.480889673296;687.6335443592284;691.040740740767;695.2268656716417;689.7575199633534;21.0
266;750.0;697.5595667869718;692.9320113314448;74.0;694.9649122806956;3;1;699.6173866894447;695.2438271604938;694.90490797546;696.0922226905212;698.6577280272465;679.7932977234551;702.2528716519531;691.040740740767;695.2268656716417;696.6007067137671;10.0
267;710.0;697.5595667869718;692.9320113314448;69.0;694.9649122806956;3;1;699.6173866894447;695.2438271604938;694.90490797546;698.3045241054774;697.8699033426905;679.7932977234551;702.2528716519531;691.040740740767;695.2268656716417;696.6007067137671;10.0
268;560.0;689.8145716992633;692.9320113314448;46.0;694.9649122806956;0;1;705.5941137736924;695.2438271604938;694.90490797546;678.6640137059316;695.5142893172506;690.4195805561246;687.6335443592284;691.040740740767;695.2268656716417;689.7575199633534;12.0
269;600.0;697.5595667869718;692.9320113314448;42.0;694.9649122806956;1;1;693.2144366693383;695.2438271604938;694.90490797546;678.6640137059316;688.8749279052893;679.7932977234551;687.6335443592284;691.040740740767;695.2268656716417;696.6007067137671;14.0
270;720.0;697.5595667869718;692.9320113314448;44.0;694.9649122806956;1;1;705.5941137736924;695.2438271604938;694.90490797546;696.4537860411854;701.6494557290996;695.0535385086307;687.6335443592284;691.040740740767;695.2268656716417;696.6007067137671;16.0
271;750.0;697.5595667869718;692.9320113314448;60.0;694.9649122806956;2;1;705.5941137736924;695.2438271604938;694.90490797546;670.416612627114;691.5060492022334;697.480889673296;687.6335443592284;691.040740740767;695.2268656716417;696.6007067137671;13.0
272;750.0;697.5595667869718;692.9320113314448;42.0;684.4813118252059;1;1;705.5941137736924;695.2438271604938;694.90490797546;710.7500724586687;698.4230775594249;700.3570402720752;702.2528716519531;691.040740740767;695.2268656716417;696.6007067137671;18.0
273;700.0;697.5595667869718;692.9320113314448;55.0;694.9649122806956;2;1;701.4185840255545;695.2438271604938;694.90490797546;696.0922226905212;693.9093264632611;679.7932977234551;687.6335443592284;691.040740740767;695.2268656716417;696.6007067137671;12.0
274;650.0;689.8145716992633;692.9320113314448;45.0;684.4813118252059;0;1;705.5941137736924;695.2438271604938;694.90490797546;678.6640137059316;687.3461928357755;687.3461928357755;702.2528716519531;691.040740740767;695.2268656716417;689.7575199633534;14.0
275;650.0;697.5595667869718;692.9320113314448;59.0;694.9649122806956;1;1;697.3853988595729;695.2438271604938;694.90490797546;696.0922226905212;687.3461928357755;679.7932977234551;702.2528716519531;691.040740740767;695.2268656716417;696.6007067137671;11.0
276;670.0;697.5595667869718;692.9320113314448;75.0;694.9649122806956;2;1;683.8304295712966;695.2438271604938;694.90490797546;697.6898426464414;689.9483623230354;679.7932977234551;702.2528716519531;699.0730605114524;695.2268656716417;696.6007067137671;9.0
277;650.0;697.5595667869718;692.9320113314448;45.0;694.9649122806956;1;1;696.177593357043;687.4158589999863;687.4158589999863;696.0922226905212;690.9344647730697;679.7932977234551;702.2528716519531;691.040740740767;695.2268656716417;696.6007067137671;14.0
278;750.0;697.5595667869718;692.9320113314448;32.0;694.9649122806956;1;1;705.5941137736924;695.2438271604938;694.90490797546;696.0922226905212;695.5142893172506;700.3570402720752;702.2528716519531;691.040740740767;695.2268656716417;696.6007067137671;23.0
279;725.0;697.5595667869718;692.9320113314448;50.0;694.9649122806956;1;1;705.5941137736924;682.1233097634412;682.1233097634412;670.416612627114;645.6577714401409;679.7932977234551;673.705516292519;691.040740740767;682.1233097634412;696.6007067137671;13.294985250737463
280;620.0;689.8145716992633;692.9320113314448;20.0;684.4813118252059;0;1;705.5941137736924;695.2438271604938;694.90490797546;701.6980775674542;698.4230775594249;693.2793954075133;702.2528716519531;691.040740740767;695.2268656716417;689.7575199633534;31.0
281;680.0;697.5595667869718;692.9320113314448;35.0;694.9649122806956;1;1;705.5941137736924;695.2438271604938;694.90490797546;678.6640137059316;701.6494557290996;695.0535385086307;687.6335443592284;691.040740740767;695.2268656716417;696.6007067137671;19.0
282;750.0;697.5595667869718;692.9320113314448;87.0;694.9649122806956;3;1;696.9577757236586;695.2438271604938;694.90490797546;678.6640137059316;700.3570402720752;679.7932977234551;702.2528716519531;691.040740740767;695.2268656716417;696.6007067137671;9.0
283;670.0;697.5595667869718;692.9320113314448;53.0;694.9649122806956;1;1;696.177593357043;687.4158589999863;687.4158589999863;701.6980775674542;690.9344647730697;679.7932977234551;702.2528716519531;691.040740740767;695.2268656716417;696.6007067137671;13.0
284;600.0;697.5595667869718;692.9320113314448;75.0;694.9649122806956;3;1;699.6173866894447;682.1233097634412;682.1233097634412;670.416612627114;645.6577714401409;679.7932977234551;673.705516292519;691.040740740767;682.1233097634412;696.6007067137671;13.294985250737463
285;750.0;697.5595667869718;692.9320113314448;70.0;694.9649122806956;2;1;698.2864955943987;695.2438271604938;694.90490797546;710.7500724586687;691.1615387116915;700.3570402720752;687.6335443592284;699.0730605114524;695.2268656716417;696.6007067137671;11.0
286;700.0;697.5595667869718;692.9320113314448;36.0;694.9649122806956;2;1;693.8516165539254;695.2438271604938;694.90490797546;697.6898426464414;693.8516165539254;693.8516165539254;687.6335443592284;691.040740740767;695.2268656716417;696.6007067137671;19.0
287;695.0;697.5595667869718;692.9320113314448;58.0;684.4813118252059;1;1;705.5941137736924;695.2438271604938;694.90490797546;701.6980775674542;701.6494557290996;697.1262620110448;702.2528716519531;691.040740740767;695.2268656716417;696.6007067137671;12.0
288;710.0;697.5595667869718;692.9320113314448;66.0;694.9649122806956;1;1;683.8304295712966;695.2438271604938;694.90490797546;696.0922226905212;691.1615387116915;679.7932977234551;702.2528716519531;699.0730605114524;695.2268656716417;696.6007067137671;11.0
289;620.0;697.5595667869718;692.9320113314448;80.0;694.9649122806956;2;1;683.4429386048855;695.2438271604938;694.90490797546;696.0922226905212;645.6577714401409;679.7932977234551;687.6335443592284;699.0730605114524;695.2268656716417;696.6007067137671;8.0
290;700.0;697.5595667869718;692.9320113314448;80.0;694.9649122806956;3;1;693.8516165539254;695.2438271604938;694.90490797546;701.6980775674542;645.6577714401409;679.7932977234551;687.6335443592284;699.0730605114524;695.2268656716417;696.6007067137671;9.0
291;715.0;697.5595667869718;692.9320113314448;89.0;694.9649122806956;3;1;695.8032436693703;695.2438271604938;694.90490797546;678.6640137059316;645.6577714401409;679.7932977234551;687.6335443592284;691.040740740767;695.2268656716417;696.6007067137671;8.0
292;750.0;697.5595667869718;692.9320113314448;50.0;694.9649122806956;1;1;705.5941137736924;695.2438271604938;694.90490797546;701.6980775674542;698.1216488348642;693.7663279662679;702.2528716519531;699.0730605114524;695.2268656716417;696.6007067137671;15.0
293;750.0;697.5595667869718;692.9320113314448;45.0;694.9649122806956;1;1;705.5941137736924;695.2438271604938;694.90490797546;696.0922226905212;701.25373726602;699.158751927826;702.2528716519531;699.0730605114524;695.2268656716417;696.6007067137671;17.0
294;550.0;689.8145716992633;692.9320113314448;25.0;684.4813118252059;0;1;705.5941137736924;695.2438271604938;694.90490797546;678.6640137059316;689.1514921917221;683.2112015188931;687.6335443592284;691.040740740767;695.2268656716417;689.7575199633534;22.0
295;730.0;697.5595667869718;692.9320113314448;60.0;694.9649122806956;1;1;699.1103969045737;695.2438271604938;694.90490797546;670.416612627114;691.1615387116915;679.7932977234551;687.6335443592284;691.040740740767;695.2268656716417;696.6007067137671;12.0
296;700.0;697.5595667869718;692.9320113314448;55.0;694.9649122806956;2;1;701.4185840255545;695.2438271604938;694.90490797546;696.0922226905212;693.9093264632611;679.7932977234551;687.6335443592284;691.040740740767;695.2268656716417;696.6007067137671;12.0
297;700.0;697.5595667869718;692.9320113314448;45.0;694.9649122806956;1;1;696.9577757236586;695.2438271604938;694.90490797546;678.6640137059316;697.480889673296;679.7932977234551;687.6335443592284;691.040740740767;695.2268656716417;696.6007067137671;16.0
298;680.0;697.5595667869718;692.9320113314448;85.0;694.9649122806956;2;1;696.9577757236586;685.4235491567546;694.90490797546;678.6640137059316;692.1614747395278;679.7932977234551;702.2528716519531;691.040740740767;695.2268656716417;696.6007067137671;8.0
299;600.0;697.5595667869718;692.9320113314448;28.0;684.4813118252059;1;1;705.5941137736924;695.2438271604938;694.90490797546;710.7500724586687;689.1514921917221;690.3883364282716;687.6335443592284;691.040740740767;695.2268656716417;696.6007067137671;21.0
300;750.0;697.5595667869718;692.9320113314448;80.0;694.9649122806956;2;1;701.0271662958082;695.2438271604938;694.90490797546;701.6980775674542;645.6577714401409;679.7932977234551;687.6335443592284;699.0730605114524;695.2268656716417;696.6007067137671;9.0
301;700.0;697.5595667869718;692.9320113314448;62.0;694.9649122806956;1;1;698.2864955943987;695.2438271604938;694.90490797546;696.0922226905212;691.1615387116915;697.6279595933563;702.2528716519531;691.040740740767;695.2268656716417;696.6007067137671;11.0
302;690.0;697.5595667869718;692.9320113314448;77.0;694.9649122806956;2;1;705.5941137736924;695.2438271604938;694.90490797546;678.6640137059316;701.6494557290996;692.5505318102954;702.2528716519531;699.0730605114524;695.2268656716417;696.6007067137671;9.0
303;700.0;697.5595667869718;692.9320113314448;50.0;694.9649122806956;1;1;705.5941137736924;695.2438271604938;694.90490797546;678.6640137059316;699.9349631897439;697.480889673296;687.6335443592284;691.040740740767;695.2268656716417;696.6007067137671;14.0
304;750.0;697.5595667869718;692.9320113314448;87.0;694.9649122806956;2;1;696.9577757236586;695.2438271604938;694.90490797546;698.3045241054774;697.480889673296;679.7932977234551;702.2528716519531;691.040740740767;695.2268656716417;696.6007067137671;9.0
305;735.0;697.5595667869718;692.9320113314448;51.0;694.9649122806956;1;1;696.177593357043;695.2438271604938;694.90490797546;710.7500724586687;698.4054131566303;679.7932977234551;702.2528716519531;699.0730605114524;695.2268656716417;696.6007067137671;14.0
306;700.0;697.5595667869718;692.9320113314448;80.0;694.9649122806956;3;1;697.3705174848837;695.2438271604938;694.90490797546;698.3045241054774;695.6128830213358;679.7932977234551;702.2528716519531;691.040740740767;695.2268656716417;696.6007067137671;9.0
307;725.0;697.5595667869718;692.9320113314448;75.0;694.9649122806956;3;1;695.3531236997887;695.2438271604938;694.90490797546;670.416612627114;691.1615387116915;679.7932977234551;687.6335443592284;691.040740740767;695.2268656716417;696.6007067137671;10.0
308;733.0;697.5595667869718;692.9320113314448;68.4;694.9649122806956;2;1;699.6173866894447;695.2438271604938;694.90490797546;696.0922226905212;699.0696354008026;679.7932977234551;702.2528716519531;699.0730605114524;695.2268656716417;696.6007067137671;11.0
309;750.0;697.5595667869718;692.9320113314448;36.0;694.9649122806956;1;1;705.5941137736924;695.2438271604938;694.90490797546;678.6640137059316;698.060183306633;696.0623790242912;702.2528716519531;691.040740740767;695.2268656716417;696.6007067137671;21.0
310;675.0;697.5595667869718;692.9320113314448;69.0;694.9649122806956;2;1;705.5941137736924;695.2438271604938;694.90490797546;678.6640137059316;691.5060492022334;687.330275254454;687.6335443592284;691.040740740767;695.2268656716417;696.6007067137671;10.0
311;650.0;697.5595667869718;692.9320113314448;85.0;694.9649122806956;2;1;688.8749279052893;695.2438271604938;694.90490797546;696.0922226905212;645.6577714401409;679.7932977234551;687.6335443592284;691.040740740767;695.2268656716417;696.6007067137671;8.0
312;730.0;697.5595667869718;692.9320113314448;52.0;694.9649122806956;1;1;705.5941137736924;695.2438271604938;694.90490797546;678.6640137059316;689.1514921917221;695.1467635799776;702.2528716519531;691.040740740767;695.2268656716417;696.6007067137671;14.0
313;700.0;697.5595667869718;692.9320113314448;97.0;694.9649122806956;1;1;693.8516165539254;695.2438271604938;694.90490797546;678.6640137059316;645.6577714401409;679.7932977234551;702.2528716519531;691.040740740767;695.2268656716417;696.6007067137671;7.0
314;690.0;689.8145716992633;692.9320113314448;38.0;684.4813118252059;0;1;705.5941137736924;695.2438271604938;694.90490797546;696.0922226905212;689.1514921917221;695.1467635799776;702.2528716519531;699.0730605114524;695.2268656716417;689.7575199633534;18.0
315;700.0;697.5595667869718;692.9320113314448;70.0;694.9649122806956;2;1;688.8749279052893;695.2438271604938;694.90490797546;701.6980775674542;645.6577714401409;679.7932977234551;687.6335443592284;691.040740740767;695.2268656716417;696.6007067137671;10.0
316;600.0;691.6399689676626;692.9320113314448;89.0;694.9649122806956;2;2;682.4388751934754;695.2438271604938;694.90490797546;696.0922226905212;645.6577714401409;679.7932977234551;687.6335443592284;691.040740740767;695.2268656716417;694.9750169715314;7.0
317;700.0;689.8145716992633;692.9320113314448;25.0;684.4813118252059;0;1;705.5941137736924;695.2438271604938;694.90490797546;678.6640137059316;691.1615387116915;690.2450997417588;687.6335443592284;691.040740740767;695.2268656716417;689.7575199633534;28.0
318;690.0;697.5595667869718;692.9320113314448;60.0;694.9649122806956;2;1;692.5505318102954;695.2438271604938;694.90490797546;678.6640137059316;645.6577714401409;679.7932977234551;687.6335443592284;691.040740740767;695.2268656716417;696.6007067137671;12.0
319;750.0;691.6399689676626;692.9320113314448;114.0;694.9649122806956;3;3;700.3570402720752;695.2438271604938;694.90490797546;701.6980775674542;645.6577714401409;679.7932977234551;687.6335443592284;691.040740740767;695.2268656716417;694.9750169715314;7.0
320;700.0;689.8145716992633;692.9320113314448;51.0;694.9649122806956;0;1;705.5941137736924;695.2438271604938;694.90490797546;678.6640137059316;701.25373726602;699.158751927826;687.6335443592284;691.040740740767;695.2268656716417;689.7575199633534;14.0
321;670.0;697.5595667869718;692.9320113314448;61.0;694.9649122806956;1;1;695.813794201381;695.2438271604938;694.90490797546;678.6640137059316;688.2605704547643;679.7932977234551;702.2528716519531;699.0730605114524;695.2268656716417;696.6007067137671;11.0
322;750.0;697.5595667869718;692.9320113314448;80.0;694.9649122806956;2;1;686.0932915831607;695.2438271604938;694.90490797546;710.7500724586687;695.3531236997887;679.7932977234551;702.2528716519531;691.040740740767;695.2268656716417;696.6007067137671;9.0
323;740.0;689.8145716992633;692.9320113314448;33.0;694.9649122806956;0;1;705.5941137736924;695.2438271604938;694.90490797546;678.6640137059316;701.25373726602;700.3179109713058;702.2528716519531;691.040740740767;695.2268656716417;689.7575199633534;22.0
324;750.0;697.5595667869718;692.9320113314448;110.0;694.9649122806956;4;2;699.1103969045737;695.2438271604938;694.90490797546;701.6980775674542;700.3570402720752;679.7932977234551;687.6335443592284;691.040740740767;695.2268656716417;696.6007067137671;7.0
325;750.0;697.5595667869718;692.9320113314448;62.0;694.9649122806956;2;1;705.5941137736924;695.2438271604938;694.90490797546;697.6898426464414;695.5142893172506;700.3570402720752;687.6335443592284;691.040740740767;695.2268656716417;696.6007067137671;12.0
326;750.0;689.8145716992633;692.9320113314448;70.0;694.9649122806956;0;1;701.4185840255545;695.2438271604938;694.90490797546;678.6640137059316;700.3570402720752;679.7932977234551;702.2528716519531;699.0730605114524;695.2268656716417;689.7575199633534;11.0
327;650.0;689.8145716992633;692.9320113314448;28.0;694.9649122806956;0;1;705.5941137736924;695.2438271604938;694.90490797546;678.6640137059316;698.060183306633;693.9346130507838;687.6335443592284;691.040740740767;695.2268656716417;689.7575199633534;23.0
328;625.0;697.5595667869718;692.9320113314448;51.0;694.9649122806956;1;1;683.8304295712966;695.2438271604938;694.90490797546;696.0922226905212;691.1615387116915;679.7932977234551;702.2528716519531;699.0730605114524;695.2268656716417;696.6007067137671;12.0
329;700.0;697.5595667869718;692.9320113314448;35.0;694.9649122806956;1;1;705.5941137736924;695.2438271604938;694.90490797546;678.6640137059316;695.3159460094015;693.8516165539254;702.2528716519531;691.040740740767;695.2268656716417;696.6007067137671;20.0
330;750.0;697.5595667869718;692.9320113314448;95.0;694.9649122806956;2;2;701.0271662958082;695.2438271604938;694.90490797546;701.6980775674542;645.6577714401409;679.7932977234551;687.6335443592284;691.040740740767;695.2268656716417;696.6007067137671;8.0
331;600.0;689.8145716992633;692.9320113314448;25.0;684.4813118252059;0;1;705.5941137736924;695.2438271604938;694.90490797546;678.6640137059316;686.8420598057594;680.8407691176255;687.6335443592284;691.040740740767;695.2268656716417;689.7575199633534;24.0
332;750.0;697.5595667869718;692.9320113314448;89.0;694.9649122806956;2;2;696.177593357043;695.2438271604938;694.90490797546;696.0922226905212;700.3570402720752;679.7932977234551;702.2528716519531;691.040740740767;695.2268656716417;696.6007067137671;8.0
333;700.0;697.5595667869718;692.9320113314448;55.0;694.9649122806956;1;1;679.7495065607351;695.2438271604938;694.90490797546;701.6980775674542;679.7495065607351;679.7932977234551;702.2528716519531;691.040740740767;695.2268656716417;696.6007067137671;13.0
334;750.0;697.5595667869718;692.9320113314448;90.0;694.9649122806956;3;2;701.0271662958082;695.2438271604938;694.90490797546;696.0922226905212;645.6577714401409;679.7932977234551;702.2528716519531;699.0730605114524;695.2268656716417;696.6007067137671;8.0
335;750.0;697.5595667869718;692.9320113314448;48.0;694.9649122806956;2;1;705.5941137736924;695.2438271604938;694.90490797546;696.0922226905212;699.9349631897439;700.3570402720752;702.2528716519531;691.040740740767;695.2268656716417;696.6007067137671;16.0
336;625.0;697.5595667869718;692.9320113314448;57.0;694.9649122806956;2;1;681.7049714102249;695.2438271604938;694.90490797546;678.6640137059316;691.1615387116915;679.7932977234551;687.6335443592284;691.040740740767;695.2268656716417;696.6007067137671;11.0
337;750.0;697.5595667869718;692.9320113314448;46.0;694.9649122806956;1;1;701.4185840255545;695.2438271604938;694.90490797546;701.6980775674542;700.2086370207389;679.7932977234551;687.6335443592284;699.0730605114524;695.2268656716417;696.6007067137671;16.0
338;695.0;697.5595667869718;692.9320113314448;59.0;694.9649122806956;1;1;705.5941137736924;695.2438271604938;694.90490797546;710.7500724586687;707.8566208272264;694.7492345375915;702.2528716519531;699.0730605114524;695.2268656716417;696.6007067137671;12.0
339;450.0;697.5595667869718;692.9320113314448;40.0;694.9649122806956;1;1;665.5644000706862;695.2438271604938;694.90490797546;701.6980775674542;645.6577714401409;679.7932977234551;687.6335443592284;691.040740740767;695.2268656716417;696.6007067137671;11.0
340;720.0;697.5595667869718;692.9320113314448;58.0;694.9649122806956;2;1;698.2864955943987;695.2438271604938;694.90490797546;678.6640137059316;691.1615387116915;697.6279595933563;687.6335443592284;691.040740740767;695.2268656716417;696.6007067137671;12.0
341;745.0;697.5595667869718;692.9320113314448;73.0;694.9649122806956;2;1;699.6173866894447;695.2438271604938;694.90490797546;696.0922226905212;699.0696354008026;679.7932977234551;702.2528716519531;699.0730605114524;695.2268656716417;696.6007067137671;10.0
342;720.0;697.5595667869718;692.9320113314448;69.6;694.9649122806956;2;1;699.6173866894447;695.2438271604938;694.90490797546;696.0922226905212;699.0696354008026;679.7932977234551;702.2528716519531;699.0730605114524;695.2268656716417;696.6007067137671;10.0
343;750.0;697.5595667869718;692.9320113314448;55.0;694.9649122806956;2;1;705.5941137736924;695.2438271604938;694.90490797546;701.6980775674542;699.9349631897439;697.480889673296;687.6335443592284;691.040740740767;695.2268656716417;696.6007067137671;14.0
344;720.0;689.8145716992633;692.9320113314448;48.0;694.9649122806956;0;1;705.5941137736924;695.2438271604938;694.90490797546;701.6980775674542;698.060183306633;696.4537860411854;702.2528716519531;699.0730605114524;695.2268656716417;689.7575199633534;15.0
345;725.0;689.8145716992633;692.9320113314448;44.0;684.4813118252059;0;1;705.5941137736924;695.2438271604938;694.90490797546;697.9828806237634;691.1615387116915;698.5288208720782;702.2528716519531;691.040740740767;695.2268656716417;689.7575199633534;16.0
346;700.0;697.5595667869718;692.9320113314448;55.0;694.9649122806956;2;1;701.4185840255545;695.2438271604938;694.90490797546;696.0922226905212;693.9093264632611;679.7932977234551;687.6335443592284;691.040740740767;695.2268656716417;696.6007067137671;12.0
347;550.0;697.5595667869718;692.9320113314448;86.0;694.9649122806956;2;1;674.3353453994757;695.2438271604938;694.90490797546;701.6980775674542;645.6577714401409;679.7932977234551;702.2528716519531;691.040740740767;695.2268656716417;696.6007067137671;6.0
348;640.0;697.5595667869718;692.9320113314448;69.0;694.9649122806956;2;1;686.0451080921455;695.2438271604938;694.90490797546;696.0922226905212;645.6577714401409;679.7932977234551;702.2528716519531;699.0730605114524;695.2268656716417;696.6007067137671;9.0
349;700.0;697.5595667869718;692.9320113314448;54.0;694.9649122806956;1;1;696.177593357043;695.2438271604938;694.90490797546;701.6980775674542;688.6151981170156;679.7932977234551;702.2528716519531;691.040740740767;695.2268656716417;696.6007067137671;13.0
350;700.0;697.5595667869718;692.9320113314448;59.0;694.9649122806956;1;1;705.5941137736924;695.2438271604938;694.90490797546;697.480889673296;701.6494557290996;697.4099641408458;702.2528716519531;699.0730605114524;695.2268656716417;696.6007067137671;12.0
351;700.0;697.5595667869718;692.9320113314448;75.0;694.9649122806956;2;1;699.6173866894447;695.2438271604938;694.90490797546;701.6980775674542;693.8516165539254;679.7932977234551;687.6335443592284;691.040740740767;695.2268656716417;696.6007067137671;9.0
352;695.0;697.5595667869718;692.9320113314448;62.0;684.4813118252059;2;1;693.2010741821103;695.2438271604938;694.90490797546;697.6898426464414;693.2010741821103;679.7932977234551;687.6335443592284;691.040740740767;695.2268656716417;696.6007067137671;11.0
